-- =============================================================================
-- SPC 테스트 시드 데이터
-- 목적: "데이터 가져오기" 기능 테스트 (IQC, 공정검사, 초물검사 소스)
-- 사이트: JSHANES
-- 생성일: 2026-03-18
-- =============================================================================

-- =============================================================================
-- 1. SPC_CHARTS: 4개 관리도 등록
-- =============================================================================

-- Chart 1: 절단 공정 - 전선 절단 길이
INSERT INTO SPC_CHARTS (ID, CHART_NO, ITEM_CODE, PROCESS_CODE, CHARACTERISTIC_NAME, CHART_TYPE, SUBGROUP_SIZE, USL, LSL, TARGET, UCL, LCL, CL, STATUS, COMPANY, PLANT, CREATED_BY, UPDATED_BY, CREATED_AT, UPDATED_AT)
VALUES (2, 'SPC-20260318-001', 'RAW-W-001', 'PRC-CUT', '전선 절단 길이 (Wire Cut Length)', 'XBAR_R', 5, 105.0, 95.0, 100.0, NULL, NULL, NULL, 'ACTIVE', '40', '1000', 'SYSTEM', 'SYSTEM', SYSTIMESTAMP, SYSTIMESTAMP);

-- Chart 2: 압착 공정 - 단자 크림프 폭
INSERT INTO SPC_CHARTS (ID, CHART_NO, ITEM_CODE, PROCESS_CODE, CHARACTERISTIC_NAME, CHART_TYPE, SUBGROUP_SIZE, USL, LSL, TARGET, UCL, LCL, CL, STATUS, COMPANY, PLANT, CREATED_BY, UPDATED_BY, CREATED_AT, UPDATED_AT)
VALUES (3, 'SPC-20260318-002', 'RAW-T-001', 'PRC-CRIMP', '크림프 폭 (Crimp Width)', 'XBAR_R', 5, 2.10, 1.90, 2.00, NULL, NULL, NULL, 'ACTIVE', '40', '1000', 'SYSTEM', 'SYSTEM', SYSTIMESTAMP, SYSTIMESTAMP);

-- Chart 3: 검사 공정 - 커넥터 삽입력
INSERT INTO SPC_CHARTS (ID, CHART_NO, ITEM_CODE, PROCESS_CODE, CHARACTERISTIC_NAME, CHART_TYPE, SUBGROUP_SIZE, USL, LSL, TARGET, UCL, LCL, CL, STATUS, COMPANY, PLANT, CREATED_BY, UPDATED_BY, CREATED_AT, UPDATED_AT)
VALUES (4, 'SPC-20260318-003', 'RAW-C-001', 'PRC-TEST', '단자 삽입력 (Terminal Insertion Force)', 'XBAR_R', 5, 35.0, 10.0, 20.0, NULL, NULL, NULL, 'ACTIVE', '40', '1000', 'SYSTEM', 'SYSTEM', SYSTIMESTAMP, SYSTIMESTAMP);

-- Chart 4: 조립 공정 - 인장력
INSERT INTO SPC_CHARTS (ID, CHART_NO, ITEM_CODE, PROCESS_CODE, CHARACTERISTIC_NAME, CHART_TYPE, SUBGROUP_SIZE, USL, LSL, TARGET, UCL, LCL, CL, STATUS, COMPANY, PLANT, CREATED_BY, UPDATED_BY, CREATED_AT, UPDATED_AT)
VALUES (5, 'SPC-20260318-004', 'RAW-T-003', 'PRC-ASSY', '인장력 (Pull Force)', 'XBAR_R', 5, 80.0, 50.0, 65.0, NULL, NULL, NULL, 'ACTIVE', '40', '1000', 'SYSTEM', 'SYSTEM', SYSTIMESTAMP, SYSTIMESTAMP);

COMMIT;

-- =============================================================================
-- 2. IQC_LOGS: 수입검사 측정 데이터 (RAW-W-001 전선 10건, RAW-T-001 단자 8건)
-- PK: INSPECT_DATE + SEQ
-- DETAILS: CLOB JSON - 각 로그에 5개 측정값 포함
-- =============================================================================

-- === RAW-W-001 (전선 절단 길이, 목표 100mm, ±5mm) ===
INSERT INTO IQC_LOGS (INSPECT_DATE, SEQ, ARRIVAL_NO, ITEM_CODE, INSPECT_TYPE, RESULT, DETAILS, INSPECTOR_NAME, REMARK, COMPANY, PLANT_CD, CREATED_BY, UPDATED_BY, CREATED_AT, UPDATED_AT, STATUS)
VALUES (TO_TIMESTAMP('2026-03-01 09:00:00','YYYY-MM-DD HH24:MI:SS'), 1, 'ARR-SPC-001', 'RAW-W-001', 'MEASURE', 'PASS',
'[{"inspItemCode":"CUT-LEN","inspItemName":"전선 절단 길이","judgeMethod":"MEASURE","value":100.2,"result":"PASS"},{"inspItemCode":"CUT-LEN","inspItemName":"전선 절단 길이","judgeMethod":"MEASURE","value":99.8,"result":"PASS"},{"inspItemCode":"CUT-LEN","inspItemName":"전선 절단 길이","judgeMethod":"MEASURE","value":100.5,"result":"PASS"},{"inspItemCode":"CUT-LEN","inspItemName":"전선 절단 길이","judgeMethod":"MEASURE","value":99.6,"result":"PASS"},{"inspItemCode":"CUT-LEN","inspItemName":"전선 절단 길이","judgeMethod":"MEASURE","value":100.1,"result":"PASS"}]',
'김검사', NULL, '40', '1000', 'SYSTEM', 'SYSTEM', SYSTIMESTAMP, SYSTIMESTAMP, 'DONE');

INSERT INTO IQC_LOGS (INSPECT_DATE, SEQ, ARRIVAL_NO, ITEM_CODE, INSPECT_TYPE, RESULT, DETAILS, INSPECTOR_NAME, REMARK, COMPANY, PLANT_CD, CREATED_BY, UPDATED_BY, CREATED_AT, UPDATED_AT, STATUS)
VALUES (TO_TIMESTAMP('2026-03-03 09:00:00','YYYY-MM-DD HH24:MI:SS'), 1, 'ARR-SPC-002', 'RAW-W-001', 'MEASURE', 'PASS',
'[{"inspItemCode":"CUT-LEN","inspItemName":"전선 절단 길이","judgeMethod":"MEASURE","value":100.8,"result":"PASS"},{"inspItemCode":"CUT-LEN","inspItemName":"전선 절단 길이","judgeMethod":"MEASURE","value":99.3,"result":"PASS"},{"inspItemCode":"CUT-LEN","inspItemName":"전선 절단 길이","judgeMethod":"MEASURE","value":100.1,"result":"PASS"},{"inspItemCode":"CUT-LEN","inspItemName":"전선 절단 길이","judgeMethod":"MEASURE","value":100.4,"result":"PASS"},{"inspItemCode":"CUT-LEN","inspItemName":"전선 절단 길이","judgeMethod":"MEASURE","value":99.9,"result":"PASS"}]',
'김검사', NULL, '40', '1000', 'SYSTEM', 'SYSTEM', SYSTIMESTAMP, SYSTIMESTAMP, 'DONE');

INSERT INTO IQC_LOGS (INSPECT_DATE, SEQ, ARRIVAL_NO, ITEM_CODE, INSPECT_TYPE, RESULT, DETAILS, INSPECTOR_NAME, REMARK, COMPANY, PLANT_CD, CREATED_BY, UPDATED_BY, CREATED_AT, UPDATED_AT, STATUS)
VALUES (TO_TIMESTAMP('2026-03-05 09:00:00','YYYY-MM-DD HH24:MI:SS'), 1, 'ARR-SPC-003', 'RAW-W-001', 'MEASURE', 'PASS',
'[{"inspItemCode":"CUT-LEN","inspItemName":"전선 절단 길이","judgeMethod":"MEASURE","value":99.5,"result":"PASS"},{"inspItemCode":"CUT-LEN","inspItemName":"전선 절단 길이","judgeMethod":"MEASURE","value":100.3,"result":"PASS"},{"inspItemCode":"CUT-LEN","inspItemName":"전선 절단 길이","judgeMethod":"MEASURE","value":100.0,"result":"PASS"},{"inspItemCode":"CUT-LEN","inspItemName":"전선 절단 길이","judgeMethod":"MEASURE","value":99.7,"result":"PASS"},{"inspItemCode":"CUT-LEN","inspItemName":"전선 절단 길이","judgeMethod":"MEASURE","value":100.6,"result":"PASS"}]',
'이검사', NULL, '40', '1000', 'SYSTEM', 'SYSTEM', SYSTIMESTAMP, SYSTIMESTAMP, 'DONE');

INSERT INTO IQC_LOGS (INSPECT_DATE, SEQ, ARRIVAL_NO, ITEM_CODE, INSPECT_TYPE, RESULT, DETAILS, INSPECTOR_NAME, REMARK, COMPANY, PLANT_CD, CREATED_BY, UPDATED_BY, CREATED_AT, UPDATED_AT, STATUS)
VALUES (TO_TIMESTAMP('2026-03-06 09:00:00','YYYY-MM-DD HH24:MI:SS'), 1, 'ARR-SPC-004', 'RAW-W-001', 'MEASURE', 'PASS',
'[{"inspItemCode":"CUT-LEN","inspItemName":"전선 절단 길이","judgeMethod":"MEASURE","value":101.0,"result":"PASS"},{"inspItemCode":"CUT-LEN","inspItemName":"전선 절단 길이","judgeMethod":"MEASURE","value":99.2,"result":"PASS"},{"inspItemCode":"CUT-LEN","inspItemName":"전선 절단 길이","judgeMethod":"MEASURE","value":100.7,"result":"PASS"},{"inspItemCode":"CUT-LEN","inspItemName":"전선 절단 길이","judgeMethod":"MEASURE","value":99.9,"result":"PASS"},{"inspItemCode":"CUT-LEN","inspItemName":"전선 절단 길이","judgeMethod":"MEASURE","value":100.3,"result":"PASS"}]',
'김검사', NULL, '40', '1000', 'SYSTEM', 'SYSTEM', SYSTIMESTAMP, SYSTIMESTAMP, 'DONE');

INSERT INTO IQC_LOGS (INSPECT_DATE, SEQ, ARRIVAL_NO, ITEM_CODE, INSPECT_TYPE, RESULT, DETAILS, INSPECTOR_NAME, REMARK, COMPANY, PLANT_CD, CREATED_BY, UPDATED_BY, CREATED_AT, UPDATED_AT, STATUS)
VALUES (TO_TIMESTAMP('2026-03-08 09:00:00','YYYY-MM-DD HH24:MI:SS'), 1, 'ARR-SPC-005', 'RAW-W-001', 'MEASURE', 'PASS',
'[{"inspItemCode":"CUT-LEN","inspItemName":"전선 절단 길이","judgeMethod":"MEASURE","value":100.4,"result":"PASS"},{"inspItemCode":"CUT-LEN","inspItemName":"전선 절단 길이","judgeMethod":"MEASURE","value":100.0,"result":"PASS"},{"inspItemCode":"CUT-LEN","inspItemName":"전선 절단 길이","judgeMethod":"MEASURE","value":99.4,"result":"PASS"},{"inspItemCode":"CUT-LEN","inspItemName":"전선 절단 길이","judgeMethod":"MEASURE","value":100.8,"result":"PASS"},{"inspItemCode":"CUT-LEN","inspItemName":"전선 절단 길이","judgeMethod":"MEASURE","value":100.2,"result":"PASS"}]',
'이검사', NULL, '40', '1000', 'SYSTEM', 'SYSTEM', SYSTIMESTAMP, SYSTIMESTAMP, 'DONE');

INSERT INTO IQC_LOGS (INSPECT_DATE, SEQ, ARRIVAL_NO, ITEM_CODE, INSPECT_TYPE, RESULT, DETAILS, INSPECTOR_NAME, REMARK, COMPANY, PLANT_CD, CREATED_BY, UPDATED_BY, CREATED_AT, UPDATED_AT, STATUS)
VALUES (TO_TIMESTAMP('2026-03-10 09:00:00','YYYY-MM-DD HH24:MI:SS'), 1, 'ARR-SPC-006', 'RAW-W-001', 'MEASURE', 'PASS',
'[{"inspItemCode":"CUT-LEN","inspItemName":"전선 절단 길이","judgeMethod":"MEASURE","value":99.9,"result":"PASS"},{"inspItemCode":"CUT-LEN","inspItemName":"전선 절단 길이","judgeMethod":"MEASURE","value":100.6,"result":"PASS"},{"inspItemCode":"CUT-LEN","inspItemName":"전선 절단 길이","judgeMethod":"MEASURE","value":100.2,"result":"PASS"},{"inspItemCode":"CUT-LEN","inspItemName":"전선 절단 길이","judgeMethod":"MEASURE","value":99.5,"result":"PASS"},{"inspItemCode":"CUT-LEN","inspItemName":"전선 절단 길이","judgeMethod":"MEASURE","value":100.3,"result":"PASS"}]',
'김검사', NULL, '40', '1000', 'SYSTEM', 'SYSTEM', SYSTIMESTAMP, SYSTIMESTAMP, 'DONE');

INSERT INTO IQC_LOGS (INSPECT_DATE, SEQ, ARRIVAL_NO, ITEM_CODE, INSPECT_TYPE, RESULT, DETAILS, INSPECTOR_NAME, REMARK, COMPANY, PLANT_CD, CREATED_BY, UPDATED_BY, CREATED_AT, UPDATED_AT, STATUS)
VALUES (TO_TIMESTAMP('2026-03-12 09:00:00','YYYY-MM-DD HH24:MI:SS'), 1, 'ARR-SPC-007', 'RAW-W-001', 'MEASURE', 'PASS',
'[{"inspItemCode":"CUT-LEN","inspItemName":"전선 절단 길이","judgeMethod":"MEASURE","value":100.1,"result":"PASS"},{"inspItemCode":"CUT-LEN","inspItemName":"전선 절단 길이","judgeMethod":"MEASURE","value":99.7,"result":"PASS"},{"inspItemCode":"CUT-LEN","inspItemName":"전선 절단 길이","judgeMethod":"MEASURE","value":100.9,"result":"PASS"},{"inspItemCode":"CUT-LEN","inspItemName":"전선 절단 길이","judgeMethod":"MEASURE","value":99.8,"result":"PASS"},{"inspItemCode":"CUT-LEN","inspItemName":"전선 절단 길이","judgeMethod":"MEASURE","value":100.4,"result":"PASS"}]',
'이검사', NULL, '40', '1000', 'SYSTEM', 'SYSTEM', SYSTIMESTAMP, SYSTIMESTAMP, 'DONE');

INSERT INTO IQC_LOGS (INSPECT_DATE, SEQ, ARRIVAL_NO, ITEM_CODE, INSPECT_TYPE, RESULT, DETAILS, INSPECTOR_NAME, REMARK, COMPANY, PLANT_CD, CREATED_BY, UPDATED_BY, CREATED_AT, UPDATED_AT, STATUS)
VALUES (TO_TIMESTAMP('2026-03-13 09:00:00','YYYY-MM-DD HH24:MI:SS'), 1, 'ARR-SPC-008', 'RAW-W-001', 'MEASURE', 'PASS',
'[{"inspItemCode":"CUT-LEN","inspItemName":"전선 절단 길이","judgeMethod":"MEASURE","value":100.5,"result":"PASS"},{"inspItemCode":"CUT-LEN","inspItemName":"전선 절단 길이","judgeMethod":"MEASURE","value":100.0,"result":"PASS"},{"inspItemCode":"CUT-LEN","inspItemName":"전선 절단 길이","judgeMethod":"MEASURE","value":99.6,"result":"PASS"},{"inspItemCode":"CUT-LEN","inspItemName":"전선 절단 길이","judgeMethod":"MEASURE","value":100.3,"result":"PASS"},{"inspItemCode":"CUT-LEN","inspItemName":"전선 절단 길이","judgeMethod":"MEASURE","value":100.7,"result":"PASS"}]',
'김검사', NULL, '40', '1000', 'SYSTEM', 'SYSTEM', SYSTIMESTAMP, SYSTIMESTAMP, 'DONE');

INSERT INTO IQC_LOGS (INSPECT_DATE, SEQ, ARRIVAL_NO, ITEM_CODE, INSPECT_TYPE, RESULT, DETAILS, INSPECTOR_NAME, REMARK, COMPANY, PLANT_CD, CREATED_BY, UPDATED_BY, CREATED_AT, UPDATED_AT, STATUS)
VALUES (TO_TIMESTAMP('2026-03-15 09:00:00','YYYY-MM-DD HH24:MI:SS'), 1, 'ARR-SPC-009', 'RAW-W-001', 'MEASURE', 'PASS',
'[{"inspItemCode":"CUT-LEN","inspItemName":"전선 절단 길이","judgeMethod":"MEASURE","value":99.8,"result":"PASS"},{"inspItemCode":"CUT-LEN","inspItemName":"전선 절단 길이","judgeMethod":"MEASURE","value":100.4,"result":"PASS"},{"inspItemCode":"CUT-LEN","inspItemName":"전선 절단 길이","judgeMethod":"MEASURE","value":100.1,"result":"PASS"},{"inspItemCode":"CUT-LEN","inspItemName":"전선 절단 길이","judgeMethod":"MEASURE","value":99.3,"result":"PASS"},{"inspItemCode":"CUT-LEN","inspItemName":"전선 절단 길이","judgeMethod":"MEASURE","value":100.6,"result":"PASS"}]',
'이검사', NULL, '40', '1000', 'SYSTEM', 'SYSTEM', SYSTIMESTAMP, SYSTIMESTAMP, 'DONE');

INSERT INTO IQC_LOGS (INSPECT_DATE, SEQ, ARRIVAL_NO, ITEM_CODE, INSPECT_TYPE, RESULT, DETAILS, INSPECTOR_NAME, REMARK, COMPANY, PLANT_CD, CREATED_BY, UPDATED_BY, CREATED_AT, UPDATED_AT, STATUS)
VALUES (TO_TIMESTAMP('2026-03-17 09:00:00','YYYY-MM-DD HH24:MI:SS'), 1, 'ARR-SPC-010', 'RAW-W-001', 'MEASURE', 'PASS',
'[{"inspItemCode":"CUT-LEN","inspItemName":"전선 절단 길이","judgeMethod":"MEASURE","value":100.3,"result":"PASS"},{"inspItemCode":"CUT-LEN","inspItemName":"전선 절단 길이","judgeMethod":"MEASURE","value":99.9,"result":"PASS"},{"inspItemCode":"CUT-LEN","inspItemName":"전선 절단 길이","judgeMethod":"MEASURE","value":100.0,"result":"PASS"},{"inspItemCode":"CUT-LEN","inspItemName":"전선 절단 길이","judgeMethod":"MEASURE","value":100.5,"result":"PASS"},{"inspItemCode":"CUT-LEN","inspItemName":"전선 절단 길이","judgeMethod":"MEASURE","value":99.7,"result":"PASS"}]',
'김검사', NULL, '40', '1000', 'SYSTEM', 'SYSTEM', SYSTIMESTAMP, SYSTIMESTAMP, 'DONE');

COMMIT;

-- === RAW-T-001 (크림프 폭, 목표 2.00mm, ±0.10mm) ===
INSERT INTO IQC_LOGS (INSPECT_DATE, SEQ, ARRIVAL_NO, ITEM_CODE, INSPECT_TYPE, RESULT, DETAILS, INSPECTOR_NAME, REMARK, COMPANY, PLANT_CD, CREATED_BY, UPDATED_BY, CREATED_AT, UPDATED_AT, STATUS)
VALUES (TO_TIMESTAMP('2026-03-02 10:00:00','YYYY-MM-DD HH24:MI:SS'), 1, 'ARR-SPC-011', 'RAW-T-001', 'MEASURE', 'PASS',
'[{"inspItemCode":"CRM-W","inspItemName":"크림프 폭","judgeMethod":"MEASURE","value":2.01,"result":"PASS"},{"inspItemCode":"CRM-W","inspItemName":"크림프 폭","judgeMethod":"MEASURE","value":1.98,"result":"PASS"},{"inspItemCode":"CRM-W","inspItemName":"크림프 폭","judgeMethod":"MEASURE","value":2.03,"result":"PASS"},{"inspItemCode":"CRM-W","inspItemName":"크림프 폭","judgeMethod":"MEASURE","value":1.99,"result":"PASS"},{"inspItemCode":"CRM-W","inspItemName":"크림프 폭","judgeMethod":"MEASURE","value":2.00,"result":"PASS"}]',
'박검사', NULL, '40', '1000', 'SYSTEM', 'SYSTEM', SYSTIMESTAMP, SYSTIMESTAMP, 'DONE');

INSERT INTO IQC_LOGS (INSPECT_DATE, SEQ, ARRIVAL_NO, ITEM_CODE, INSPECT_TYPE, RESULT, DETAILS, INSPECTOR_NAME, REMARK, COMPANY, PLANT_CD, CREATED_BY, UPDATED_BY, CREATED_AT, UPDATED_AT, STATUS)
VALUES (TO_TIMESTAMP('2026-03-04 10:00:00','YYYY-MM-DD HH24:MI:SS'), 1, 'ARR-SPC-012', 'RAW-T-001', 'MEASURE', 'PASS',
'[{"inspItemCode":"CRM-W","inspItemName":"크림프 폭","judgeMethod":"MEASURE","value":1.97,"result":"PASS"},{"inspItemCode":"CRM-W","inspItemName":"크림프 폭","judgeMethod":"MEASURE","value":2.02,"result":"PASS"},{"inspItemCode":"CRM-W","inspItemName":"크림프 폭","judgeMethod":"MEASURE","value":2.00,"result":"PASS"},{"inspItemCode":"CRM-W","inspItemName":"크림프 폭","judgeMethod":"MEASURE","value":1.99,"result":"PASS"},{"inspItemCode":"CRM-W","inspItemName":"크림프 폭","judgeMethod":"MEASURE","value":2.04,"result":"PASS"}]',
'박검사', NULL, '40', '1000', 'SYSTEM', 'SYSTEM', SYSTIMESTAMP, SYSTIMESTAMP, 'DONE');

INSERT INTO IQC_LOGS (INSPECT_DATE, SEQ, ARRIVAL_NO, ITEM_CODE, INSPECT_TYPE, RESULT, DETAILS, INSPECTOR_NAME, REMARK, COMPANY, PLANT_CD, CREATED_BY, UPDATED_BY, CREATED_AT, UPDATED_AT, STATUS)
VALUES (TO_TIMESTAMP('2026-03-06 10:00:00','YYYY-MM-DD HH24:MI:SS'), 1, 'ARR-SPC-013', 'RAW-T-001', 'MEASURE', 'PASS',
'[{"inspItemCode":"CRM-W","inspItemName":"크림프 폭","judgeMethod":"MEASURE","value":2.00,"result":"PASS"},{"inspItemCode":"CRM-W","inspItemName":"크림프 폭","judgeMethod":"MEASURE","value":2.05,"result":"PASS"},{"inspItemCode":"CRM-W","inspItemName":"크림프 폭","judgeMethod":"MEASURE","value":1.96,"result":"PASS"},{"inspItemCode":"CRM-W","inspItemName":"크림프 폭","judgeMethod":"MEASURE","value":2.01,"result":"PASS"},{"inspItemCode":"CRM-W","inspItemName":"크림프 폭","judgeMethod":"MEASURE","value":1.98,"result":"PASS"}]',
'최검사', NULL, '40', '1000', 'SYSTEM', 'SYSTEM', SYSTIMESTAMP, SYSTIMESTAMP, 'DONE');

INSERT INTO IQC_LOGS (INSPECT_DATE, SEQ, ARRIVAL_NO, ITEM_CODE, INSPECT_TYPE, RESULT, DETAILS, INSPECTOR_NAME, REMARK, COMPANY, PLANT_CD, CREATED_BY, UPDATED_BY, CREATED_AT, UPDATED_AT, STATUS)
VALUES (TO_TIMESTAMP('2026-03-08 10:00:00','YYYY-MM-DD HH24:MI:SS'), 1, 'ARR-SPC-014', 'RAW-T-001', 'MEASURE', 'PASS',
'[{"inspItemCode":"CRM-W","inspItemName":"크림프 폭","judgeMethod":"MEASURE","value":2.02,"result":"PASS"},{"inspItemCode":"CRM-W","inspItemName":"크림프 폭","judgeMethod":"MEASURE","value":1.95,"result":"PASS"},{"inspItemCode":"CRM-W","inspItemName":"크림프 폭","judgeMethod":"MEASURE","value":2.01,"result":"PASS"},{"inspItemCode":"CRM-W","inspItemName":"크림프 폭","judgeMethod":"MEASURE","value":2.03,"result":"PASS"},{"inspItemCode":"CRM-W","inspItemName":"크림프 폭","judgeMethod":"MEASURE","value":1.99,"result":"PASS"}]',
'박검사', NULL, '40', '1000', 'SYSTEM', 'SYSTEM', SYSTIMESTAMP, SYSTIMESTAMP, 'DONE');

INSERT INTO IQC_LOGS (INSPECT_DATE, SEQ, ARRIVAL_NO, ITEM_CODE, INSPECT_TYPE, RESULT, DETAILS, INSPECTOR_NAME, REMARK, COMPANY, PLANT_CD, CREATED_BY, UPDATED_BY, CREATED_AT, UPDATED_AT, STATUS)
VALUES (TO_TIMESTAMP('2026-03-10 10:00:00','YYYY-MM-DD HH24:MI:SS'), 1, 'ARR-SPC-015', 'RAW-T-001', 'MEASURE', 'PASS',
'[{"inspItemCode":"CRM-W","inspItemName":"크림프 폭","judgeMethod":"MEASURE","value":1.98,"result":"PASS"},{"inspItemCode":"CRM-W","inspItemName":"크림프 폭","judgeMethod":"MEASURE","value":2.01,"result":"PASS"},{"inspItemCode":"CRM-W","inspItemName":"크림프 폭","judgeMethod":"MEASURE","value":2.00,"result":"PASS"},{"inspItemCode":"CRM-W","inspItemName":"크림프 폭","judgeMethod":"MEASURE","value":2.06,"result":"PASS"},{"inspItemCode":"CRM-W","inspItemName":"크림프 폭","judgeMethod":"MEASURE","value":1.97,"result":"PASS"}]',
'최검사', NULL, '40', '1000', 'SYSTEM', 'SYSTEM', SYSTIMESTAMP, SYSTIMESTAMP, 'DONE');

INSERT INTO IQC_LOGS (INSPECT_DATE, SEQ, ARRIVAL_NO, ITEM_CODE, INSPECT_TYPE, RESULT, DETAILS, INSPECTOR_NAME, REMARK, COMPANY, PLANT_CD, CREATED_BY, UPDATED_BY, CREATED_AT, UPDATED_AT, STATUS)
VALUES (TO_TIMESTAMP('2026-03-12 10:00:00','YYYY-MM-DD HH24:MI:SS'), 1, 'ARR-SPC-016', 'RAW-T-001', 'MEASURE', 'PASS',
'[{"inspItemCode":"CRM-W","inspItemName":"크림프 폭","judgeMethod":"MEASURE","value":2.03,"result":"PASS"},{"inspItemCode":"CRM-W","inspItemName":"크림프 폭","judgeMethod":"MEASURE","value":2.00,"result":"PASS"},{"inspItemCode":"CRM-W","inspItemName":"크림프 폭","judgeMethod":"MEASURE","value":1.96,"result":"PASS"},{"inspItemCode":"CRM-W","inspItemName":"크림프 폭","judgeMethod":"MEASURE","value":2.02,"result":"PASS"},{"inspItemCode":"CRM-W","inspItemName":"크림프 폭","judgeMethod":"MEASURE","value":1.99,"result":"PASS"}]',
'박검사', NULL, '40', '1000', 'SYSTEM', 'SYSTEM', SYSTIMESTAMP, SYSTIMESTAMP, 'DONE');

INSERT INTO IQC_LOGS (INSPECT_DATE, SEQ, ARRIVAL_NO, ITEM_CODE, INSPECT_TYPE, RESULT, DETAILS, INSPECTOR_NAME, REMARK, COMPANY, PLANT_CD, CREATED_BY, UPDATED_BY, CREATED_AT, UPDATED_AT, STATUS)
VALUES (TO_TIMESTAMP('2026-03-14 10:00:00','YYYY-MM-DD HH24:MI:SS'), 1, 'ARR-SPC-017', 'RAW-T-001', 'MEASURE', 'PASS',
'[{"inspItemCode":"CRM-W","inspItemName":"크림프 폭","judgeMethod":"MEASURE","value":1.99,"result":"PASS"},{"inspItemCode":"CRM-W","inspItemName":"크림프 폭","judgeMethod":"MEASURE","value":2.04,"result":"PASS"},{"inspItemCode":"CRM-W","inspItemName":"크림프 폭","judgeMethod":"MEASURE","value":2.01,"result":"PASS"},{"inspItemCode":"CRM-W","inspItemName":"크림프 폭","judgeMethod":"MEASURE","value":1.97,"result":"PASS"},{"inspItemCode":"CRM-W","inspItemName":"크림프 폭","judgeMethod":"MEASURE","value":2.00,"result":"PASS"}]',
'최검사', NULL, '40', '1000', 'SYSTEM', 'SYSTEM', SYSTIMESTAMP, SYSTIMESTAMP, 'DONE');

INSERT INTO IQC_LOGS (INSPECT_DATE, SEQ, ARRIVAL_NO, ITEM_CODE, INSPECT_TYPE, RESULT, DETAILS, INSPECTOR_NAME, REMARK, COMPANY, PLANT_CD, CREATED_BY, UPDATED_BY, CREATED_AT, UPDATED_AT, STATUS)
VALUES (TO_TIMESTAMP('2026-03-16 10:00:00','YYYY-MM-DD HH24:MI:SS'), 1, 'ARR-SPC-018', 'RAW-T-001', 'MEASURE', 'PASS',
'[{"inspItemCode":"CRM-W","inspItemName":"크림프 폭","judgeMethod":"MEASURE","value":2.00,"result":"PASS"},{"inspItemCode":"CRM-W","inspItemName":"크림프 폭","judgeMethod":"MEASURE","value":1.98,"result":"PASS"},{"inspItemCode":"CRM-W","inspItemName":"크림프 폭","judgeMethod":"MEASURE","value":2.02,"result":"PASS"},{"inspItemCode":"CRM-W","inspItemName":"크림프 폭","judgeMethod":"MEASURE","value":2.05,"result":"PASS"},{"inspItemCode":"CRM-W","inspItemName":"크림프 폭","judgeMethod":"MEASURE","value":1.96,"result":"PASS"}]',
'박검사', NULL, '40', '1000', 'SYSTEM', 'SYSTEM', SYSTIMESTAMP, SYSTIMESTAMP, 'DONE');

COMMIT;

-- =============================================================================
-- 3. JOB_ORDERS + SAMPLE_INSPECT_RESULTS: 공정검사 데이터
-- JOB_ORDERS에 PROCESS_CODE 컬럼이 없으므로 ITEM_CODE만으로 매칭됨
-- =============================================================================

-- === RAW-C-001 커넥터 삽입력 검사용 작업지시서 ===
INSERT INTO JOB_ORDERS (ORDER_NO, ITEM_CODE, LINE_CODE, PLAN_QTY, GOOD_QTY, DEFECT_QTY, PLAN_DATE, PRIORITY, STATUS, COMPANY, PLANT_CD, CREATED_BY, UPDATED_BY, CREATED_AT, UPDATED_AT)
VALUES ('JO-SPC-C001-01', 'RAW-C-001', 'LINE-01', 500, 0, 0, TO_DATE('2026-03-01','YYYY-MM-DD'), 1, 'COMPLETED', '40', '1000', 'SYSTEM', 'SYSTEM', SYSTIMESTAMP, SYSTIMESTAMP);

INSERT INTO JOB_ORDERS (ORDER_NO, ITEM_CODE, LINE_CODE, PLAN_QTY, GOOD_QTY, DEFECT_QTY, PLAN_DATE, PRIORITY, STATUS, COMPANY, PLANT_CD, CREATED_BY, UPDATED_BY, CREATED_AT, UPDATED_AT)
VALUES ('JO-SPC-C001-02', 'RAW-C-001', 'LINE-01', 500, 0, 0, TO_DATE('2026-03-05','YYYY-MM-DD'), 1, 'COMPLETED', '40', '1000', 'SYSTEM', 'SYSTEM', SYSTIMESTAMP, SYSTIMESTAMP);

INSERT INTO JOB_ORDERS (ORDER_NO, ITEM_CODE, LINE_CODE, PLAN_QTY, GOOD_QTY, DEFECT_QTY, PLAN_DATE, PRIORITY, STATUS, COMPANY, PLANT_CD, CREATED_BY, UPDATED_BY, CREATED_AT, UPDATED_AT)
VALUES ('JO-SPC-C001-03', 'RAW-C-001', 'LINE-01', 500, 0, 0, TO_DATE('2026-03-10','YYYY-MM-DD'), 1, 'COMPLETED', '40', '1000', 'SYSTEM', 'SYSTEM', SYSTIMESTAMP, SYSTIMESTAMP);

-- === RAW-T-003 인장력 검사용 작업지시서 ===
INSERT INTO JOB_ORDERS (ORDER_NO, ITEM_CODE, LINE_CODE, PLAN_QTY, GOOD_QTY, DEFECT_QTY, PLAN_DATE, PRIORITY, STATUS, COMPANY, PLANT_CD, CREATED_BY, UPDATED_BY, CREATED_AT, UPDATED_AT)
VALUES ('JO-SPC-T003-01', 'RAW-T-003', 'LINE-03', 300, 0, 0, TO_DATE('2026-03-02','YYYY-MM-DD'), 1, 'COMPLETED', '40', '1000', 'SYSTEM', 'SYSTEM', SYSTIMESTAMP, SYSTIMESTAMP);

INSERT INTO JOB_ORDERS (ORDER_NO, ITEM_CODE, LINE_CODE, PLAN_QTY, GOOD_QTY, DEFECT_QTY, PLAN_DATE, PRIORITY, STATUS, COMPANY, PLANT_CD, CREATED_BY, UPDATED_BY, CREATED_AT, UPDATED_AT)
VALUES ('JO-SPC-T003-02', 'RAW-T-003', 'LINE-03', 300, 0, 0, TO_DATE('2026-03-08','YYYY-MM-DD'), 1, 'COMPLETED', '40', '1000', 'SYSTEM', 'SYSTEM', SYSTIMESTAMP, SYSTIMESTAMP);

INSERT INTO JOB_ORDERS (ORDER_NO, ITEM_CODE, LINE_CODE, PLAN_QTY, GOOD_QTY, DEFECT_QTY, PLAN_DATE, PRIORITY, STATUS, COMPANY, PLANT_CD, CREATED_BY, UPDATED_BY, CREATED_AT, UPDATED_AT)
VALUES ('JO-SPC-T003-03', 'RAW-T-003', 'LINE-03', 300, 0, 0, TO_DATE('2026-03-14','YYYY-MM-DD'), 1, 'COMPLETED', '40', '1000', 'SYSTEM', 'SYSTEM', SYSTIMESTAMP, SYSTIMESTAMP);

COMMIT;

-- === SAMPLE_INSPECT_RESULTS: RAW-C-001 커넥터 삽입력 (목표 20N, 범위 10~35N) ===
-- JO-SPC-C001-01: 5 samples (2026-03-01)
INSERT INTO SAMPLE_INSPECT_RESULTS (ORDER_NO, INSPECT_DATE, INSPECTOR_NAME, INSPECT_TYPE, SAMPLE_NO, MEASURED_VALUE, SPEC_UPPER, SPEC_LOWER, PASS_YN, COMPANY, PLANT_CD, CREATED_BY, UPDATED_BY, CREATED_AT, UPDATED_AT)
VALUES ('JO-SPC-C001-01', TO_DATE('2026-03-01','YYYY-MM-DD'), '정검사', 'PROCESS', 1, '19.5', '35.0', '10.0', 'Y', '40', '1000', 'SYSTEM', 'SYSTEM', SYSTIMESTAMP, SYSTIMESTAMP);
INSERT INTO SAMPLE_INSPECT_RESULTS (ORDER_NO, INSPECT_DATE, INSPECTOR_NAME, INSPECT_TYPE, SAMPLE_NO, MEASURED_VALUE, SPEC_UPPER, SPEC_LOWER, PASS_YN, COMPANY, PLANT_CD, CREATED_BY, UPDATED_BY, CREATED_AT, UPDATED_AT)
VALUES ('JO-SPC-C001-01', TO_DATE('2026-03-01','YYYY-MM-DD'), '정검사', 'PROCESS', 2, '21.2', '35.0', '10.0', 'Y', '40', '1000', 'SYSTEM', 'SYSTEM', SYSTIMESTAMP, SYSTIMESTAMP);
INSERT INTO SAMPLE_INSPECT_RESULTS (ORDER_NO, INSPECT_DATE, INSPECTOR_NAME, INSPECT_TYPE, SAMPLE_NO, MEASURED_VALUE, SPEC_UPPER, SPEC_LOWER, PASS_YN, COMPANY, PLANT_CD, CREATED_BY, UPDATED_BY, CREATED_AT, UPDATED_AT)
VALUES ('JO-SPC-C001-01', TO_DATE('2026-03-01','YYYY-MM-DD'), '정검사', 'PROCESS', 3, '18.8', '35.0', '10.0', 'Y', '40', '1000', 'SYSTEM', 'SYSTEM', SYSTIMESTAMP, SYSTIMESTAMP);
INSERT INTO SAMPLE_INSPECT_RESULTS (ORDER_NO, INSPECT_DATE, INSPECTOR_NAME, INSPECT_TYPE, SAMPLE_NO, MEASURED_VALUE, SPEC_UPPER, SPEC_LOWER, PASS_YN, COMPANY, PLANT_CD, CREATED_BY, UPDATED_BY, CREATED_AT, UPDATED_AT)
VALUES ('JO-SPC-C001-01', TO_DATE('2026-03-01','YYYY-MM-DD'), '정검사', 'PROCESS', 4, '20.3', '35.0', '10.0', 'Y', '40', '1000', 'SYSTEM', 'SYSTEM', SYSTIMESTAMP, SYSTIMESTAMP);
INSERT INTO SAMPLE_INSPECT_RESULTS (ORDER_NO, INSPECT_DATE, INSPECTOR_NAME, INSPECT_TYPE, SAMPLE_NO, MEASURED_VALUE, SPEC_UPPER, SPEC_LOWER, PASS_YN, COMPANY, PLANT_CD, CREATED_BY, UPDATED_BY, CREATED_AT, UPDATED_AT)
VALUES ('JO-SPC-C001-01', TO_DATE('2026-03-01','YYYY-MM-DD'), '정검사', 'PROCESS', 5, '22.1', '35.0', '10.0', 'Y', '40', '1000', 'SYSTEM', 'SYSTEM', SYSTIMESTAMP, SYSTIMESTAMP);

-- JO-SPC-C001-01: 5 more samples (2026-03-03)
INSERT INTO SAMPLE_INSPECT_RESULTS (ORDER_NO, INSPECT_DATE, INSPECTOR_NAME, INSPECT_TYPE, SAMPLE_NO, MEASURED_VALUE, SPEC_UPPER, SPEC_LOWER, PASS_YN, COMPANY, PLANT_CD, CREATED_BY, UPDATED_BY, CREATED_AT, UPDATED_AT)
VALUES ('JO-SPC-C001-01', TO_DATE('2026-03-03','YYYY-MM-DD'), '정검사', 'PROCESS', 6, '20.7', '35.0', '10.0', 'Y', '40', '1000', 'SYSTEM', 'SYSTEM', SYSTIMESTAMP, SYSTIMESTAMP);
INSERT INTO SAMPLE_INSPECT_RESULTS (ORDER_NO, INSPECT_DATE, INSPECTOR_NAME, INSPECT_TYPE, SAMPLE_NO, MEASURED_VALUE, SPEC_UPPER, SPEC_LOWER, PASS_YN, COMPANY, PLANT_CD, CREATED_BY, UPDATED_BY, CREATED_AT, UPDATED_AT)
VALUES ('JO-SPC-C001-01', TO_DATE('2026-03-03','YYYY-MM-DD'), '정검사', 'PROCESS', 7, '18.3', '35.0', '10.0', 'Y', '40', '1000', 'SYSTEM', 'SYSTEM', SYSTIMESTAMP, SYSTIMESTAMP);
INSERT INTO SAMPLE_INSPECT_RESULTS (ORDER_NO, INSPECT_DATE, INSPECTOR_NAME, INSPECT_TYPE, SAMPLE_NO, MEASURED_VALUE, SPEC_UPPER, SPEC_LOWER, PASS_YN, COMPANY, PLANT_CD, CREATED_BY, UPDATED_BY, CREATED_AT, UPDATED_AT)
VALUES ('JO-SPC-C001-01', TO_DATE('2026-03-03','YYYY-MM-DD'), '정검사', 'PROCESS', 8, '21.5', '35.0', '10.0', 'Y', '40', '1000', 'SYSTEM', 'SYSTEM', SYSTIMESTAMP, SYSTIMESTAMP);
INSERT INTO SAMPLE_INSPECT_RESULTS (ORDER_NO, INSPECT_DATE, INSPECTOR_NAME, INSPECT_TYPE, SAMPLE_NO, MEASURED_VALUE, SPEC_UPPER, SPEC_LOWER, PASS_YN, COMPANY, PLANT_CD, CREATED_BY, UPDATED_BY, CREATED_AT, UPDATED_AT)
VALUES ('JO-SPC-C001-01', TO_DATE('2026-03-03','YYYY-MM-DD'), '정검사', 'PROCESS', 9, '19.8', '35.0', '10.0', 'Y', '40', '1000', 'SYSTEM', 'SYSTEM', SYSTIMESTAMP, SYSTIMESTAMP);
INSERT INTO SAMPLE_INSPECT_RESULTS (ORDER_NO, INSPECT_DATE, INSPECTOR_NAME, INSPECT_TYPE, SAMPLE_NO, MEASURED_VALUE, SPEC_UPPER, SPEC_LOWER, PASS_YN, COMPANY, PLANT_CD, CREATED_BY, UPDATED_BY, CREATED_AT, UPDATED_AT)
VALUES ('JO-SPC-C001-01', TO_DATE('2026-03-03','YYYY-MM-DD'), '정검사', 'PROCESS', 10, '20.0', '35.0', '10.0', 'Y', '40', '1000', 'SYSTEM', 'SYSTEM', SYSTIMESTAMP, SYSTIMESTAMP);

-- JO-SPC-C001-02: 5 samples (2026-03-05)
INSERT INTO SAMPLE_INSPECT_RESULTS (ORDER_NO, INSPECT_DATE, INSPECTOR_NAME, INSPECT_TYPE, SAMPLE_NO, MEASURED_VALUE, SPEC_UPPER, SPEC_LOWER, PASS_YN, COMPANY, PLANT_CD, CREATED_BY, UPDATED_BY, CREATED_AT, UPDATED_AT)
VALUES ('JO-SPC-C001-02', TO_DATE('2026-03-05','YYYY-MM-DD'), '한검사', 'PROCESS', 1, '17.9', '35.0', '10.0', 'Y', '40', '1000', 'SYSTEM', 'SYSTEM', SYSTIMESTAMP, SYSTIMESTAMP);
INSERT INTO SAMPLE_INSPECT_RESULTS (ORDER_NO, INSPECT_DATE, INSPECTOR_NAME, INSPECT_TYPE, SAMPLE_NO, MEASURED_VALUE, SPEC_UPPER, SPEC_LOWER, PASS_YN, COMPANY, PLANT_CD, CREATED_BY, UPDATED_BY, CREATED_AT, UPDATED_AT)
VALUES ('JO-SPC-C001-02', TO_DATE('2026-03-05','YYYY-MM-DD'), '한검사', 'PROCESS', 2, '22.4', '35.0', '10.0', 'Y', '40', '1000', 'SYSTEM', 'SYSTEM', SYSTIMESTAMP, SYSTIMESTAMP);
INSERT INTO SAMPLE_INSPECT_RESULTS (ORDER_NO, INSPECT_DATE, INSPECTOR_NAME, INSPECT_TYPE, SAMPLE_NO, MEASURED_VALUE, SPEC_UPPER, SPEC_LOWER, PASS_YN, COMPANY, PLANT_CD, CREATED_BY, UPDATED_BY, CREATED_AT, UPDATED_AT)
VALUES ('JO-SPC-C001-02', TO_DATE('2026-03-05','YYYY-MM-DD'), '한검사', 'PROCESS', 3, '20.6', '35.0', '10.0', 'Y', '40', '1000', 'SYSTEM', 'SYSTEM', SYSTIMESTAMP, SYSTIMESTAMP);
INSERT INTO SAMPLE_INSPECT_RESULTS (ORDER_NO, INSPECT_DATE, INSPECTOR_NAME, INSPECT_TYPE, SAMPLE_NO, MEASURED_VALUE, SPEC_UPPER, SPEC_LOWER, PASS_YN, COMPANY, PLANT_CD, CREATED_BY, UPDATED_BY, CREATED_AT, UPDATED_AT)
VALUES ('JO-SPC-C001-02', TO_DATE('2026-03-05','YYYY-MM-DD'), '한검사', 'PROCESS', 4, '19.1', '35.0', '10.0', 'Y', '40', '1000', 'SYSTEM', 'SYSTEM', SYSTIMESTAMP, SYSTIMESTAMP);
INSERT INTO SAMPLE_INSPECT_RESULTS (ORDER_NO, INSPECT_DATE, INSPECTOR_NAME, INSPECT_TYPE, SAMPLE_NO, MEASURED_VALUE, SPEC_UPPER, SPEC_LOWER, PASS_YN, COMPANY, PLANT_CD, CREATED_BY, UPDATED_BY, CREATED_AT, UPDATED_AT)
VALUES ('JO-SPC-C001-02', TO_DATE('2026-03-05','YYYY-MM-DD'), '한검사', 'PROCESS', 5, '21.0', '35.0', '10.0', 'Y', '40', '1000', 'SYSTEM', 'SYSTEM', SYSTIMESTAMP, SYSTIMESTAMP);

-- JO-SPC-C001-02: 5 samples (2026-03-07)
INSERT INTO SAMPLE_INSPECT_RESULTS (ORDER_NO, INSPECT_DATE, INSPECTOR_NAME, INSPECT_TYPE, SAMPLE_NO, MEASURED_VALUE, SPEC_UPPER, SPEC_LOWER, PASS_YN, COMPANY, PLANT_CD, CREATED_BY, UPDATED_BY, CREATED_AT, UPDATED_AT)
VALUES ('JO-SPC-C001-02', TO_DATE('2026-03-07','YYYY-MM-DD'), '한검사', 'PROCESS', 6, '23.1', '35.0', '10.0', 'Y', '40', '1000', 'SYSTEM', 'SYSTEM', SYSTIMESTAMP, SYSTIMESTAMP);
INSERT INTO SAMPLE_INSPECT_RESULTS (ORDER_NO, INSPECT_DATE, INSPECTOR_NAME, INSPECT_TYPE, SAMPLE_NO, MEASURED_VALUE, SPEC_UPPER, SPEC_LOWER, PASS_YN, COMPANY, PLANT_CD, CREATED_BY, UPDATED_BY, CREATED_AT, UPDATED_AT)
VALUES ('JO-SPC-C001-02', TO_DATE('2026-03-07','YYYY-MM-DD'), '한검사', 'PROCESS', 7, '18.6', '35.0', '10.0', 'Y', '40', '1000', 'SYSTEM', 'SYSTEM', SYSTIMESTAMP, SYSTIMESTAMP);
INSERT INTO SAMPLE_INSPECT_RESULTS (ORDER_NO, INSPECT_DATE, INSPECTOR_NAME, INSPECT_TYPE, SAMPLE_NO, MEASURED_VALUE, SPEC_UPPER, SPEC_LOWER, PASS_YN, COMPANY, PLANT_CD, CREATED_BY, UPDATED_BY, CREATED_AT, UPDATED_AT)
VALUES ('JO-SPC-C001-02', TO_DATE('2026-03-07','YYYY-MM-DD'), '한검사', 'PROCESS', 8, '20.2', '35.0', '10.0', 'Y', '40', '1000', 'SYSTEM', 'SYSTEM', SYSTIMESTAMP, SYSTIMESTAMP);
INSERT INTO SAMPLE_INSPECT_RESULTS (ORDER_NO, INSPECT_DATE, INSPECTOR_NAME, INSPECT_TYPE, SAMPLE_NO, MEASURED_VALUE, SPEC_UPPER, SPEC_LOWER, PASS_YN, COMPANY, PLANT_CD, CREATED_BY, UPDATED_BY, CREATED_AT, UPDATED_AT)
VALUES ('JO-SPC-C001-02', TO_DATE('2026-03-07','YYYY-MM-DD'), '한검사', 'PROCESS', 9, '19.4', '35.0', '10.0', 'Y', '40', '1000', 'SYSTEM', 'SYSTEM', SYSTIMESTAMP, SYSTIMESTAMP);
INSERT INTO SAMPLE_INSPECT_RESULTS (ORDER_NO, INSPECT_DATE, INSPECTOR_NAME, INSPECT_TYPE, SAMPLE_NO, MEASURED_VALUE, SPEC_UPPER, SPEC_LOWER, PASS_YN, COMPANY, PLANT_CD, CREATED_BY, UPDATED_BY, CREATED_AT, UPDATED_AT)
VALUES ('JO-SPC-C001-02', TO_DATE('2026-03-07','YYYY-MM-DD'), '한검사', 'PROCESS', 10, '21.8', '35.0', '10.0', 'Y', '40', '1000', 'SYSTEM', 'SYSTEM', SYSTIMESTAMP, SYSTIMESTAMP);

-- JO-SPC-C001-03: 5 samples (2026-03-10)
INSERT INTO SAMPLE_INSPECT_RESULTS (ORDER_NO, INSPECT_DATE, INSPECTOR_NAME, INSPECT_TYPE, SAMPLE_NO, MEASURED_VALUE, SPEC_UPPER, SPEC_LOWER, PASS_YN, COMPANY, PLANT_CD, CREATED_BY, UPDATED_BY, CREATED_AT, UPDATED_AT)
VALUES ('JO-SPC-C001-03', TO_DATE('2026-03-10','YYYY-MM-DD'), '정검사', 'PROCESS', 1, '20.9', '35.0', '10.0', 'Y', '40', '1000', 'SYSTEM', 'SYSTEM', SYSTIMESTAMP, SYSTIMESTAMP);
INSERT INTO SAMPLE_INSPECT_RESULTS (ORDER_NO, INSPECT_DATE, INSPECTOR_NAME, INSPECT_TYPE, SAMPLE_NO, MEASURED_VALUE, SPEC_UPPER, SPEC_LOWER, PASS_YN, COMPANY, PLANT_CD, CREATED_BY, UPDATED_BY, CREATED_AT, UPDATED_AT)
VALUES ('JO-SPC-C001-03', TO_DATE('2026-03-10','YYYY-MM-DD'), '정검사', 'PROCESS', 2, '17.5', '35.0', '10.0', 'Y', '40', '1000', 'SYSTEM', 'SYSTEM', SYSTIMESTAMP, SYSTIMESTAMP);
INSERT INTO SAMPLE_INSPECT_RESULTS (ORDER_NO, INSPECT_DATE, INSPECTOR_NAME, INSPECT_TYPE, SAMPLE_NO, MEASURED_VALUE, SPEC_UPPER, SPEC_LOWER, PASS_YN, COMPANY, PLANT_CD, CREATED_BY, UPDATED_BY, CREATED_AT, UPDATED_AT)
VALUES ('JO-SPC-C001-03', TO_DATE('2026-03-10','YYYY-MM-DD'), '정검사', 'PROCESS', 3, '22.7', '35.0', '10.0', 'Y', '40', '1000', 'SYSTEM', 'SYSTEM', SYSTIMESTAMP, SYSTIMESTAMP);
INSERT INTO SAMPLE_INSPECT_RESULTS (ORDER_NO, INSPECT_DATE, INSPECTOR_NAME, INSPECT_TYPE, SAMPLE_NO, MEASURED_VALUE, SPEC_UPPER, SPEC_LOWER, PASS_YN, COMPANY, PLANT_CD, CREATED_BY, UPDATED_BY, CREATED_AT, UPDATED_AT)
VALUES ('JO-SPC-C001-03', TO_DATE('2026-03-10','YYYY-MM-DD'), '정검사', 'PROCESS', 4, '19.3', '35.0', '10.0', 'Y', '40', '1000', 'SYSTEM', 'SYSTEM', SYSTIMESTAMP, SYSTIMESTAMP);
INSERT INTO SAMPLE_INSPECT_RESULTS (ORDER_NO, INSPECT_DATE, INSPECTOR_NAME, INSPECT_TYPE, SAMPLE_NO, MEASURED_VALUE, SPEC_UPPER, SPEC_LOWER, PASS_YN, COMPANY, PLANT_CD, CREATED_BY, UPDATED_BY, CREATED_AT, UPDATED_AT)
VALUES ('JO-SPC-C001-03', TO_DATE('2026-03-10','YYYY-MM-DD'), '정검사', 'PROCESS', 5, '20.4', '35.0', '10.0', 'Y', '40', '1000', 'SYSTEM', 'SYSTEM', SYSTIMESTAMP, SYSTIMESTAMP);

COMMIT;

-- === SAMPLE_INSPECT_RESULTS: RAW-T-003 인장력 (목표 65N, 범위 50~80N) ===
-- JO-SPC-T003-01: 5 samples (2026-03-02)
INSERT INTO SAMPLE_INSPECT_RESULTS (ORDER_NO, INSPECT_DATE, INSPECTOR_NAME, INSPECT_TYPE, SAMPLE_NO, MEASURED_VALUE, SPEC_UPPER, SPEC_LOWER, PASS_YN, COMPANY, PLANT_CD, CREATED_BY, UPDATED_BY, CREATED_AT, UPDATED_AT)
VALUES ('JO-SPC-T003-01', TO_DATE('2026-03-02','YYYY-MM-DD'), '유검사', 'PROCESS', 1, '64.2', '80.0', '50.0', 'Y', '40', '1000', 'SYSTEM', 'SYSTEM', SYSTIMESTAMP, SYSTIMESTAMP);
INSERT INTO SAMPLE_INSPECT_RESULTS (ORDER_NO, INSPECT_DATE, INSPECTOR_NAME, INSPECT_TYPE, SAMPLE_NO, MEASURED_VALUE, SPEC_UPPER, SPEC_LOWER, PASS_YN, COMPANY, PLANT_CD, CREATED_BY, UPDATED_BY, CREATED_AT, UPDATED_AT)
VALUES ('JO-SPC-T003-01', TO_DATE('2026-03-02','YYYY-MM-DD'), '유검사', 'PROCESS', 2, '67.8', '80.0', '50.0', 'Y', '40', '1000', 'SYSTEM', 'SYSTEM', SYSTIMESTAMP, SYSTIMESTAMP);
INSERT INTO SAMPLE_INSPECT_RESULTS (ORDER_NO, INSPECT_DATE, INSPECTOR_NAME, INSPECT_TYPE, SAMPLE_NO, MEASURED_VALUE, SPEC_UPPER, SPEC_LOWER, PASS_YN, COMPANY, PLANT_CD, CREATED_BY, UPDATED_BY, CREATED_AT, UPDATED_AT)
VALUES ('JO-SPC-T003-01', TO_DATE('2026-03-02','YYYY-MM-DD'), '유검사', 'PROCESS', 3, '62.5', '80.0', '50.0', 'Y', '40', '1000', 'SYSTEM', 'SYSTEM', SYSTIMESTAMP, SYSTIMESTAMP);
INSERT INTO SAMPLE_INSPECT_RESULTS (ORDER_NO, INSPECT_DATE, INSPECTOR_NAME, INSPECT_TYPE, SAMPLE_NO, MEASURED_VALUE, SPEC_UPPER, SPEC_LOWER, PASS_YN, COMPANY, PLANT_CD, CREATED_BY, UPDATED_BY, CREATED_AT, UPDATED_AT)
VALUES ('JO-SPC-T003-01', TO_DATE('2026-03-02','YYYY-MM-DD'), '유검사', 'PROCESS', 4, '66.1', '80.0', '50.0', 'Y', '40', '1000', 'SYSTEM', 'SYSTEM', SYSTIMESTAMP, SYSTIMESTAMP);
INSERT INTO SAMPLE_INSPECT_RESULTS (ORDER_NO, INSPECT_DATE, INSPECTOR_NAME, INSPECT_TYPE, SAMPLE_NO, MEASURED_VALUE, SPEC_UPPER, SPEC_LOWER, PASS_YN, COMPANY, PLANT_CD, CREATED_BY, UPDATED_BY, CREATED_AT, UPDATED_AT)
VALUES ('JO-SPC-T003-01', TO_DATE('2026-03-02','YYYY-MM-DD'), '유검사', 'PROCESS', 5, '63.9', '80.0', '50.0', 'Y', '40', '1000', 'SYSTEM', 'SYSTEM', SYSTIMESTAMP, SYSTIMESTAMP);

-- JO-SPC-T003-01: 5 samples (2026-03-04)
INSERT INTO SAMPLE_INSPECT_RESULTS (ORDER_NO, INSPECT_DATE, INSPECTOR_NAME, INSPECT_TYPE, SAMPLE_NO, MEASURED_VALUE, SPEC_UPPER, SPEC_LOWER, PASS_YN, COMPANY, PLANT_CD, CREATED_BY, UPDATED_BY, CREATED_AT, UPDATED_AT)
VALUES ('JO-SPC-T003-01', TO_DATE('2026-03-04','YYYY-MM-DD'), '유검사', 'PROCESS', 6, '68.3', '80.0', '50.0', 'Y', '40', '1000', 'SYSTEM', 'SYSTEM', SYSTIMESTAMP, SYSTIMESTAMP);
INSERT INTO SAMPLE_INSPECT_RESULTS (ORDER_NO, INSPECT_DATE, INSPECTOR_NAME, INSPECT_TYPE, SAMPLE_NO, MEASURED_VALUE, SPEC_UPPER, SPEC_LOWER, PASS_YN, COMPANY, PLANT_CD, CREATED_BY, UPDATED_BY, CREATED_AT, UPDATED_AT)
VALUES ('JO-SPC-T003-01', TO_DATE('2026-03-04','YYYY-MM-DD'), '유검사', 'PROCESS', 7, '61.7', '80.0', '50.0', 'Y', '40', '1000', 'SYSTEM', 'SYSTEM', SYSTIMESTAMP, SYSTIMESTAMP);
INSERT INTO SAMPLE_INSPECT_RESULTS (ORDER_NO, INSPECT_DATE, INSPECTOR_NAME, INSPECT_TYPE, SAMPLE_NO, MEASURED_VALUE, SPEC_UPPER, SPEC_LOWER, PASS_YN, COMPANY, PLANT_CD, CREATED_BY, UPDATED_BY, CREATED_AT, UPDATED_AT)
VALUES ('JO-SPC-T003-01', TO_DATE('2026-03-04','YYYY-MM-DD'), '유검사', 'PROCESS', 8, '65.4', '80.0', '50.0', 'Y', '40', '1000', 'SYSTEM', 'SYSTEM', SYSTIMESTAMP, SYSTIMESTAMP);
INSERT INTO SAMPLE_INSPECT_RESULTS (ORDER_NO, INSPECT_DATE, INSPECTOR_NAME, INSPECT_TYPE, SAMPLE_NO, MEASURED_VALUE, SPEC_UPPER, SPEC_LOWER, PASS_YN, COMPANY, PLANT_CD, CREATED_BY, UPDATED_BY, CREATED_AT, UPDATED_AT)
VALUES ('JO-SPC-T003-01', TO_DATE('2026-03-04','YYYY-MM-DD'), '유검사', 'PROCESS', 9, '63.2', '80.0', '50.0', 'Y', '40', '1000', 'SYSTEM', 'SYSTEM', SYSTIMESTAMP, SYSTIMESTAMP);
INSERT INTO SAMPLE_INSPECT_RESULTS (ORDER_NO, INSPECT_DATE, INSPECTOR_NAME, INSPECT_TYPE, SAMPLE_NO, MEASURED_VALUE, SPEC_UPPER, SPEC_LOWER, PASS_YN, COMPANY, PLANT_CD, CREATED_BY, UPDATED_BY, CREATED_AT, UPDATED_AT)
VALUES ('JO-SPC-T003-01', TO_DATE('2026-03-04','YYYY-MM-DD'), '유검사', 'PROCESS', 10, '66.8', '80.0', '50.0', 'Y', '40', '1000', 'SYSTEM', 'SYSTEM', SYSTIMESTAMP, SYSTIMESTAMP);

-- JO-SPC-T003-02: 5 samples (2026-03-08)
INSERT INTO SAMPLE_INSPECT_RESULTS (ORDER_NO, INSPECT_DATE, INSPECTOR_NAME, INSPECT_TYPE, SAMPLE_NO, MEASURED_VALUE, SPEC_UPPER, SPEC_LOWER, PASS_YN, COMPANY, PLANT_CD, CREATED_BY, UPDATED_BY, CREATED_AT, UPDATED_AT)
VALUES ('JO-SPC-T003-02', TO_DATE('2026-03-08','YYYY-MM-DD'), '강검사', 'PROCESS', 1, '65.0', '80.0', '50.0', 'Y', '40', '1000', 'SYSTEM', 'SYSTEM', SYSTIMESTAMP, SYSTIMESTAMP);
INSERT INTO SAMPLE_INSPECT_RESULTS (ORDER_NO, INSPECT_DATE, INSPECTOR_NAME, INSPECT_TYPE, SAMPLE_NO, MEASURED_VALUE, SPEC_UPPER, SPEC_LOWER, PASS_YN, COMPANY, PLANT_CD, CREATED_BY, UPDATED_BY, CREATED_AT, UPDATED_AT)
VALUES ('JO-SPC-T003-02', TO_DATE('2026-03-08','YYYY-MM-DD'), '강검사', 'PROCESS', 2, '70.2', '80.0', '50.0', 'Y', '40', '1000', 'SYSTEM', 'SYSTEM', SYSTIMESTAMP, SYSTIMESTAMP);
INSERT INTO SAMPLE_INSPECT_RESULTS (ORDER_NO, INSPECT_DATE, INSPECTOR_NAME, INSPECT_TYPE, SAMPLE_NO, MEASURED_VALUE, SPEC_UPPER, SPEC_LOWER, PASS_YN, COMPANY, PLANT_CD, CREATED_BY, UPDATED_BY, CREATED_AT, UPDATED_AT)
VALUES ('JO-SPC-T003-02', TO_DATE('2026-03-08','YYYY-MM-DD'), '강검사', 'PROCESS', 3, '59.8', '80.0', '50.0', 'Y', '40', '1000', 'SYSTEM', 'SYSTEM', SYSTIMESTAMP, SYSTIMESTAMP);
INSERT INTO SAMPLE_INSPECT_RESULTS (ORDER_NO, INSPECT_DATE, INSPECTOR_NAME, INSPECT_TYPE, SAMPLE_NO, MEASURED_VALUE, SPEC_UPPER, SPEC_LOWER, PASS_YN, COMPANY, PLANT_CD, CREATED_BY, UPDATED_BY, CREATED_AT, UPDATED_AT)
VALUES ('JO-SPC-T003-02', TO_DATE('2026-03-08','YYYY-MM-DD'), '강검사', 'PROCESS', 4, '66.5', '80.0', '50.0', 'Y', '40', '1000', 'SYSTEM', 'SYSTEM', SYSTIMESTAMP, SYSTIMESTAMP);
INSERT INTO SAMPLE_INSPECT_RESULTS (ORDER_NO, INSPECT_DATE, INSPECTOR_NAME, INSPECT_TYPE, SAMPLE_NO, MEASURED_VALUE, SPEC_UPPER, SPEC_LOWER, PASS_YN, COMPANY, PLANT_CD, CREATED_BY, UPDATED_BY, CREATED_AT, UPDATED_AT)
VALUES ('JO-SPC-T003-02', TO_DATE('2026-03-08','YYYY-MM-DD'), '강검사', 'PROCESS', 5, '63.7', '80.0', '50.0', 'Y', '40', '1000', 'SYSTEM', 'SYSTEM', SYSTIMESTAMP, SYSTIMESTAMP);

-- JO-SPC-T003-02: 5 samples (2026-03-11)
INSERT INTO SAMPLE_INSPECT_RESULTS (ORDER_NO, INSPECT_DATE, INSPECTOR_NAME, INSPECT_TYPE, SAMPLE_NO, MEASURED_VALUE, SPEC_UPPER, SPEC_LOWER, PASS_YN, COMPANY, PLANT_CD, CREATED_BY, UPDATED_BY, CREATED_AT, UPDATED_AT)
VALUES ('JO-SPC-T003-02', TO_DATE('2026-03-11','YYYY-MM-DD'), '강검사', 'PROCESS', 6, '67.1', '80.0', '50.0', 'Y', '40', '1000', 'SYSTEM', 'SYSTEM', SYSTIMESTAMP, SYSTIMESTAMP);
INSERT INTO SAMPLE_INSPECT_RESULTS (ORDER_NO, INSPECT_DATE, INSPECTOR_NAME, INSPECT_TYPE, SAMPLE_NO, MEASURED_VALUE, SPEC_UPPER, SPEC_LOWER, PASS_YN, COMPANY, PLANT_CD, CREATED_BY, UPDATED_BY, CREATED_AT, UPDATED_AT)
VALUES ('JO-SPC-T003-02', TO_DATE('2026-03-11','YYYY-MM-DD'), '강검사', 'PROCESS', 7, '62.3', '80.0', '50.0', 'Y', '40', '1000', 'SYSTEM', 'SYSTEM', SYSTIMESTAMP, SYSTIMESTAMP);
INSERT INTO SAMPLE_INSPECT_RESULTS (ORDER_NO, INSPECT_DATE, INSPECTOR_NAME, INSPECT_TYPE, SAMPLE_NO, MEASURED_VALUE, SPEC_UPPER, SPEC_LOWER, PASS_YN, COMPANY, PLANT_CD, CREATED_BY, UPDATED_BY, CREATED_AT, UPDATED_AT)
VALUES ('JO-SPC-T003-02', TO_DATE('2026-03-11','YYYY-MM-DD'), '강검사', 'PROCESS', 8, '64.8', '80.0', '50.0', 'Y', '40', '1000', 'SYSTEM', 'SYSTEM', SYSTIMESTAMP, SYSTIMESTAMP);
INSERT INTO SAMPLE_INSPECT_RESULTS (ORDER_NO, INSPECT_DATE, INSPECTOR_NAME, INSPECT_TYPE, SAMPLE_NO, MEASURED_VALUE, SPEC_UPPER, SPEC_LOWER, PASS_YN, COMPANY, PLANT_CD, CREATED_BY, UPDATED_BY, CREATED_AT, UPDATED_AT)
VALUES ('JO-SPC-T003-02', TO_DATE('2026-03-11','YYYY-MM-DD'), '강검사', 'PROCESS', 9, '69.5', '80.0', '50.0', 'Y', '40', '1000', 'SYSTEM', 'SYSTEM', SYSTIMESTAMP, SYSTIMESTAMP);
INSERT INTO SAMPLE_INSPECT_RESULTS (ORDER_NO, INSPECT_DATE, INSPECTOR_NAME, INSPECT_TYPE, SAMPLE_NO, MEASURED_VALUE, SPEC_UPPER, SPEC_LOWER, PASS_YN, COMPANY, PLANT_CD, CREATED_BY, UPDATED_BY, CREATED_AT, UPDATED_AT)
VALUES ('JO-SPC-T003-02', TO_DATE('2026-03-11','YYYY-MM-DD'), '강검사', 'PROCESS', 10, '61.9', '80.0', '50.0', 'Y', '40', '1000', 'SYSTEM', 'SYSTEM', SYSTIMESTAMP, SYSTIMESTAMP);

-- JO-SPC-T003-03: 5 samples (2026-03-14)
INSERT INTO SAMPLE_INSPECT_RESULTS (ORDER_NO, INSPECT_DATE, INSPECTOR_NAME, INSPECT_TYPE, SAMPLE_NO, MEASURED_VALUE, SPEC_UPPER, SPEC_LOWER, PASS_YN, COMPANY, PLANT_CD, CREATED_BY, UPDATED_BY, CREATED_AT, UPDATED_AT)
VALUES ('JO-SPC-T003-03', TO_DATE('2026-03-14','YYYY-MM-DD'), '유검사', 'PROCESS', 1, '63.6', '80.0', '50.0', 'Y', '40', '1000', 'SYSTEM', 'SYSTEM', SYSTIMESTAMP, SYSTIMESTAMP);
INSERT INTO SAMPLE_INSPECT_RESULTS (ORDER_NO, INSPECT_DATE, INSPECTOR_NAME, INSPECT_TYPE, SAMPLE_NO, MEASURED_VALUE, SPEC_UPPER, SPEC_LOWER, PASS_YN, COMPANY, PLANT_CD, CREATED_BY, UPDATED_BY, CREATED_AT, UPDATED_AT)
VALUES ('JO-SPC-T003-03', TO_DATE('2026-03-14','YYYY-MM-DD'), '유검사', 'PROCESS', 2, '68.0', '80.0', '50.0', 'Y', '40', '1000', 'SYSTEM', 'SYSTEM', SYSTIMESTAMP, SYSTIMESTAMP);
INSERT INTO SAMPLE_INSPECT_RESULTS (ORDER_NO, INSPECT_DATE, INSPECTOR_NAME, INSPECT_TYPE, SAMPLE_NO, MEASURED_VALUE, SPEC_UPPER, SPEC_LOWER, PASS_YN, COMPANY, PLANT_CD, CREATED_BY, UPDATED_BY, CREATED_AT, UPDATED_AT)
VALUES ('JO-SPC-T003-03', TO_DATE('2026-03-14','YYYY-MM-DD'), '유검사', 'PROCESS', 3, '60.4', '80.0', '50.0', 'Y', '40', '1000', 'SYSTEM', 'SYSTEM', SYSTIMESTAMP, SYSTIMESTAMP);
INSERT INTO SAMPLE_INSPECT_RESULTS (ORDER_NO, INSPECT_DATE, INSPECTOR_NAME, INSPECT_TYPE, SAMPLE_NO, MEASURED_VALUE, SPEC_UPPER, SPEC_LOWER, PASS_YN, COMPANY, PLANT_CD, CREATED_BY, UPDATED_BY, CREATED_AT, UPDATED_AT)
VALUES ('JO-SPC-T003-03', TO_DATE('2026-03-14','YYYY-MM-DD'), '유검사', 'PROCESS', 4, '65.7', '80.0', '50.0', 'Y', '40', '1000', 'SYSTEM', 'SYSTEM', SYSTIMESTAMP, SYSTIMESTAMP);
INSERT INTO SAMPLE_INSPECT_RESULTS (ORDER_NO, INSPECT_DATE, INSPECTOR_NAME, INSPECT_TYPE, SAMPLE_NO, MEASURED_VALUE, SPEC_UPPER, SPEC_LOWER, PASS_YN, COMPANY, PLANT_CD, CREATED_BY, UPDATED_BY, CREATED_AT, UPDATED_AT)
VALUES ('JO-SPC-T003-03', TO_DATE('2026-03-14','YYYY-MM-DD'), '유검사', 'PROCESS', 5, '64.3', '80.0', '50.0', 'Y', '40', '1000', 'SYSTEM', 'SYSTEM', SYSTIMESTAMP, SYSTIMESTAMP);

COMMIT;

-- =============================================================================
-- 4. FAI_REQUESTS + FAI_ITEMS: 초물검사 데이터 (RAW-T-001 크림프 폭)
-- =============================================================================

INSERT INTO FAI_REQUESTS (ID, FAI_NO, TRIGGER_TYPE, TRIGGER_REF, ITEM_CODE, ORDER_NO, LINE_CODE, SAMPLE_QTY, INSPECTOR_CODE, STATUS, INSPECT_DATE, RESULT, REMARKS, COMPANY, PLANT, CREATED_BY, UPDATED_BY, CREATED_AT, UPDATED_AT)
VALUES (1, 'FAI-SPC-001', 'NEW_PRODUCT', 'RAW-T-001', 'RAW-T-001', 'JO-20260225-001', 'LINE-01', 5, 'INS001', 'COMPLETED', TO_DATE('2026-03-03','YYYY-MM-DD'), 'PASS', 'SPC 테스트용 초물검사', '40', '1000', 'SYSTEM', 'SYSTEM', TO_TIMESTAMP('2026-03-03 08:00:00','YYYY-MM-DD HH24:MI:SS'), TO_TIMESTAMP('2026-03-03 08:00:00','YYYY-MM-DD HH24:MI:SS'));

-- FAI_ITEMS: 5 measurement items for FAI-SPC-001
INSERT INTO FAI_ITEMS (FAI_ID, SEQ, INSPECT_ITEM, SPEC_MIN, SPEC_MAX, MEASURED_VALUE, UNIT, RESULT, REMARKS, CREATED_AT, UPDATED_AT)
VALUES (1, 1, '크림프 폭', 1.90, 2.10, 2.02, 'mm', 'PASS', NULL, SYSTIMESTAMP, SYSTIMESTAMP);
INSERT INTO FAI_ITEMS (FAI_ID, SEQ, INSPECT_ITEM, SPEC_MIN, SPEC_MAX, MEASURED_VALUE, UNIT, RESULT, REMARKS, CREATED_AT, UPDATED_AT)
VALUES (1, 2, '크림프 폭', 1.90, 2.10, 1.98, 'mm', 'PASS', NULL, SYSTIMESTAMP, SYSTIMESTAMP);
INSERT INTO FAI_ITEMS (FAI_ID, SEQ, INSPECT_ITEM, SPEC_MIN, SPEC_MAX, MEASURED_VALUE, UNIT, RESULT, REMARKS, CREATED_AT, UPDATED_AT)
VALUES (1, 3, '크림프 폭', 1.90, 2.10, 2.05, 'mm', 'PASS', NULL, SYSTIMESTAMP, SYSTIMESTAMP);
INSERT INTO FAI_ITEMS (FAI_ID, SEQ, INSPECT_ITEM, SPEC_MIN, SPEC_MAX, MEASURED_VALUE, UNIT, RESULT, REMARKS, CREATED_AT, UPDATED_AT)
VALUES (1, 4, '크림프 폭', 1.90, 2.10, 1.96, 'mm', 'PASS', NULL, SYSTIMESTAMP, SYSTIMESTAMP);
INSERT INTO FAI_ITEMS (FAI_ID, SEQ, INSPECT_ITEM, SPEC_MIN, SPEC_MAX, MEASURED_VALUE, UNIT, RESULT, REMARKS, CREATED_AT, UPDATED_AT)
VALUES (1, 5, '크림프 폭', 1.90, 2.10, 2.01, 'mm', 'PASS', NULL, SYSTIMESTAMP, SYSTIMESTAMP);

INSERT INTO FAI_REQUESTS (ID, FAI_NO, TRIGGER_TYPE, TRIGGER_REF, ITEM_CODE, ORDER_NO, LINE_CODE, SAMPLE_QTY, INSPECTOR_CODE, STATUS, INSPECT_DATE, RESULT, REMARKS, COMPANY, PLANT, CREATED_BY, UPDATED_BY, CREATED_AT, UPDATED_AT)
VALUES (2, 'FAI-SPC-002', 'TOOL_CHANGE', 'RAW-T-001', 'RAW-T-001', 'JO-20260225-001', 'LINE-01', 5, 'INS002', 'COMPLETED', TO_DATE('2026-03-10','YYYY-MM-DD'), 'PASS', 'SPC 테스트용 초물검사 (금형교체)', '40', '1000', 'SYSTEM', 'SYSTEM', TO_TIMESTAMP('2026-03-10 08:00:00','YYYY-MM-DD HH24:MI:SS'), TO_TIMESTAMP('2026-03-10 08:00:00','YYYY-MM-DD HH24:MI:SS'));

INSERT INTO FAI_ITEMS (FAI_ID, SEQ, INSPECT_ITEM, SPEC_MIN, SPEC_MAX, MEASURED_VALUE, UNIT, RESULT, REMARKS, CREATED_AT, UPDATED_AT)
VALUES (2, 1, '크림프 폭', 1.90, 2.10, 1.99, 'mm', 'PASS', NULL, SYSTIMESTAMP, SYSTIMESTAMP);
INSERT INTO FAI_ITEMS (FAI_ID, SEQ, INSPECT_ITEM, SPEC_MIN, SPEC_MAX, MEASURED_VALUE, UNIT, RESULT, REMARKS, CREATED_AT, UPDATED_AT)
VALUES (2, 2, '크림프 폭', 1.90, 2.10, 2.03, 'mm', 'PASS', NULL, SYSTIMESTAMP, SYSTIMESTAMP);
INSERT INTO FAI_ITEMS (FAI_ID, SEQ, INSPECT_ITEM, SPEC_MIN, SPEC_MAX, MEASURED_VALUE, UNIT, RESULT, REMARKS, CREATED_AT, UPDATED_AT)
VALUES (2, 3, '크림프 폭', 1.90, 2.10, 2.00, 'mm', 'PASS', NULL, SYSTIMESTAMP, SYSTIMESTAMP);
INSERT INTO FAI_ITEMS (FAI_ID, SEQ, INSPECT_ITEM, SPEC_MIN, SPEC_MAX, MEASURED_VALUE, UNIT, RESULT, REMARKS, CREATED_AT, UPDATED_AT)
VALUES (2, 4, '크림프 폭', 1.90, 2.10, 1.94, 'mm', 'PASS', NULL, SYSTIMESTAMP, SYSTIMESTAMP);
INSERT INTO FAI_ITEMS (FAI_ID, SEQ, INSPECT_ITEM, SPEC_MIN, SPEC_MAX, MEASURED_VALUE, UNIT, RESULT, REMARKS, CREATED_AT, UPDATED_AT)
VALUES (2, 5, '크림프 폭', 1.90, 2.10, 2.07, 'mm', 'PASS', NULL, SYSTIMESTAMP, SYSTIMESTAMP);

COMMIT;
