-- ================================================================
-- HANES MES - 자재 관련 시드 데이터 (초기화 + 생성)
-- 대상: MAT_ARRIVALS, IQC_LOGS, MAT_RECEIVINGS, MAT_LOTS,
--        MAT_STOCKS, STOCK_TRANSACTIONS, MAT_ISSUE_REQUESTS,
--        MAT_ISSUE_REQUEST_ITEMS, MAT_ISSUES, INV_ADJ_LOGS
-- ================================================================
-- 사용 품목 10종 (ITEM_MASTERS 기준):
--   1163 CLIP, 1164 HOUSING, 1166 THERMISTOR, 1167 TERMINAL,
--   1170 TUBE, 1172 Lead Wire, 1173 TERMINAL, 1175 TERMINAL,
--   1177 HOUSING, 1171 TUBE
-- 창고: RM_MAIN (원자재 메인창고), WH-MAT-A (자재창고A)
-- COMPANY='40', PLANT_CD='1000'
-- ================================================================

-- ========================================
-- STEP 0: 기존 데이터 초기화 (역순 삭제)
-- ========================================
DELETE FROM INV_ADJ_LOGS WHERE COMPANY = '40';
DELETE FROM MAT_ISSUES WHERE COMPANY = '40';
DELETE FROM MAT_ISSUE_REQUEST_ITEMS WHERE COMPANY = '40';
DELETE FROM MAT_ISSUE_REQUESTS WHERE COMPANY = '40';
DELETE FROM STOCK_TRANSACTIONS WHERE COMPANY = '40';
DELETE FROM MAT_STOCKS WHERE COMPANY = '40';
DELETE FROM MAT_LOTS WHERE COMPANY = '40';
DELETE FROM MAT_RECEIVINGS WHERE COMPANY = '40';
DELETE FROM IQC_LOGS WHERE COMPANY = '40';
DELETE FROM MAT_ARRIVALS WHERE COMPANY = '40';

COMMIT;

-- ========================================
-- STEP 0.5: 시퀀스 리셋
-- ========================================
-- 기존 시퀀스 삭제 후 재생성 (1부터 시작)
DROP SEQUENCE SEQ_MAT_ARRIVALS;
CREATE SEQUENCE SEQ_MAT_ARRIVALS START WITH 1 INCREMENT BY 1 NOCACHE;

DROP SEQUENCE SEQ_IQC_LOGS;
CREATE SEQUENCE SEQ_IQC_LOGS START WITH 1 INCREMENT BY 1 NOCACHE;

DROP SEQUENCE SEQ_MAT_RECEIVINGS;
CREATE SEQUENCE SEQ_MAT_RECEIVINGS START WITH 1 INCREMENT BY 1 NOCACHE;

DROP SEQUENCE SEQ_STOCK_TRANSACTIONS;
CREATE SEQUENCE SEQ_STOCK_TRANSACTIONS START WITH 1 INCREMENT BY 1 NOCACHE;

DROP SEQUENCE SEQ_MAT_ISSUES;
CREATE SEQUENCE SEQ_MAT_ISSUES START WITH 1 INCREMENT BY 1 NOCACHE;

DROP SEQUENCE SEQ_MAT_ISSUE_REQUESTS;
CREATE SEQUENCE SEQ_MAT_ISSUE_REQUESTS START WITH 1 INCREMENT BY 1 NOCACHE;

DROP SEQUENCE SEQ_MAT_ISSUE_REQ_ITEMS;
CREATE SEQUENCE SEQ_MAT_ISSUE_REQ_ITEMS START WITH 1 INCREMENT BY 1 NOCACHE;

DROP SEQUENCE SEQ_INV_ADJ_LOGS;
CREATE SEQUENCE SEQ_INV_ADJ_LOGS START WITH 1 INCREMENT BY 1 NOCACHE;

DROP SEQUENCE MAT_UID_SEQ;
CREATE SEQUENCE MAT_UID_SEQ START WITH 1 INCREMENT BY 1 NOCACHE;

-- ========================================
-- STEP 1: 입하 (MAT_ARRIVALS) - 15건
-- 품목 10종, 날짜 분산 (2026-01 ~ 2026-02)
-- ========================================
INSERT INTO MAT_ARRIVALS (ID, ARRIVAL_NO, PO_NO, ITEM_CODE, QTY, WAREHOUSE_CODE, ARRIVAL_DATE, ARRIVAL_TYPE, VENDOR_NAME, STATUS, IQC_STATUS, COMPANY, PLANT_CD, CREATED_BY, CREATED_AT)
VALUES (SEQ_MAT_ARRIVALS.NEXTVAL, 'ARR-2026-0001', 'PO-2026-001', '1163', 5000, 'RM_MAIN', TIMESTAMP '2026-01-06 09:00:00', 'PO', '한국금속공업(주)', 'DONE', 'PASS', '40', '1000', 'admin', TIMESTAMP '2026-01-06 09:00:00');

INSERT INTO MAT_ARRIVALS (ID, ARRIVAL_NO, PO_NO, ITEM_CODE, QTY, WAREHOUSE_CODE, ARRIVAL_DATE, ARRIVAL_TYPE, VENDOR_NAME, STATUS, IQC_STATUS, COMPANY, PLANT_CD, CREATED_BY, CREATED_AT)
VALUES (SEQ_MAT_ARRIVALS.NEXTVAL, 'ARR-2026-0002', 'PO-2026-001', '1164', 3000, 'RM_MAIN', TIMESTAMP '2026-01-06 09:30:00', 'PO', '한국금속공업(주)', 'DONE', 'PASS', '40', '1000', 'admin', TIMESTAMP '2026-01-06 09:30:00');

INSERT INTO MAT_ARRIVALS (ID, ARRIVAL_NO, PO_NO, ITEM_CODE, QTY, WAREHOUSE_CODE, ARRIVAL_DATE, ARRIVAL_TYPE, VENDOR_NAME, STATUS, IQC_STATUS, COMPANY, PLANT_CD, CREATED_BY, CREATED_AT)
VALUES (SEQ_MAT_ARRIVALS.NEXTVAL, 'ARR-2026-0003', 'PO-2026-002', '1166', 2000, 'RM_MAIN', TIMESTAMP '2026-01-08 10:00:00', 'PO', '대한전자부품(주)', 'DONE', 'PASS', '40', '1000', 'admin', TIMESTAMP '2026-01-08 10:00:00');

INSERT INTO MAT_ARRIVALS (ID, ARRIVAL_NO, PO_NO, ITEM_CODE, QTY, WAREHOUSE_CODE, ARRIVAL_DATE, ARRIVAL_TYPE, VENDOR_NAME, STATUS, IQC_STATUS, COMPANY, PLANT_CD, CREATED_BY, CREATED_AT)
VALUES (SEQ_MAT_ARRIVALS.NEXTVAL, 'ARR-2026-0004', 'PO-2026-002', '1167', 8000, 'RM_MAIN', TIMESTAMP '2026-01-08 10:30:00', 'PO', '대한전자부품(주)', 'DONE', 'PASS', '40', '1000', 'admin', TIMESTAMP '2026-01-08 10:30:00');

INSERT INTO MAT_ARRIVALS (ID, ARRIVAL_NO, PO_NO, ITEM_CODE, QTY, WAREHOUSE_CODE, ARRIVAL_DATE, ARRIVAL_TYPE, VENDOR_NAME, STATUS, IQC_STATUS, COMPANY, PLANT_CD, CREATED_BY, CREATED_AT)
VALUES (SEQ_MAT_ARRIVALS.NEXTVAL, 'ARR-2026-0005', 'PO-2026-003', '1170', 1500, 'RM_MAIN', TIMESTAMP '2026-01-13 08:30:00', 'PO', '삼성테크노(주)', 'DONE', 'PASS', '40', '1000', 'admin', TIMESTAMP '2026-01-13 08:30:00');

INSERT INTO MAT_ARRIVALS (ID, ARRIVAL_NO, PO_NO, ITEM_CODE, QTY, WAREHOUSE_CODE, ARRIVAL_DATE, ARRIVAL_TYPE, VENDOR_NAME, STATUS, IQC_STATUS, COMPANY, PLANT_CD, CREATED_BY, CREATED_AT)
VALUES (SEQ_MAT_ARRIVALS.NEXTVAL, 'ARR-2026-0006', 'PO-2026-003', '1172', 500, 'RM_MAIN', TIMESTAMP '2026-01-13 09:00:00', 'PO', '삼성테크노(주)', 'DONE', 'PASS', '40', '1000', 'admin', TIMESTAMP '2026-01-13 09:00:00');

INSERT INTO MAT_ARRIVALS (ID, ARRIVAL_NO, PO_NO, ITEM_CODE, QTY, WAREHOUSE_CODE, ARRIVAL_DATE, ARRIVAL_TYPE, VENDOR_NAME, STATUS, IQC_STATUS, COMPANY, PLANT_CD, CREATED_BY, CREATED_AT)
VALUES (SEQ_MAT_ARRIVALS.NEXTVAL, 'ARR-2026-0007', 'PO-2026-004', '1173', 6000, 'RM_MAIN', TIMESTAMP '2026-01-15 14:00:00', 'PO', 'LG화학소재(주)', 'DONE', 'PASS', '40', '1000', 'admin', TIMESTAMP '2026-01-15 14:00:00');

INSERT INTO MAT_ARRIVALS (ID, ARRIVAL_NO, PO_NO, ITEM_CODE, QTY, WAREHOUSE_CODE, ARRIVAL_DATE, ARRIVAL_TYPE, VENDOR_NAME, STATUS, IQC_STATUS, COMPANY, PLANT_CD, CREATED_BY, CREATED_AT)
VALUES (SEQ_MAT_ARRIVALS.NEXTVAL, 'ARR-2026-0008', 'PO-2026-004', '1175', 4000, 'RM_MAIN', TIMESTAMP '2026-01-15 14:30:00', 'PO', 'LG화학소재(주)', 'DONE', 'PASS', '40', '1000', 'admin', TIMESTAMP '2026-01-15 14:30:00');

INSERT INTO MAT_ARRIVALS (ID, ARRIVAL_NO, PO_NO, ITEM_CODE, QTY, WAREHOUSE_CODE, ARRIVAL_DATE, ARRIVAL_TYPE, VENDOR_NAME, STATUS, IQC_STATUS, COMPANY, PLANT_CD, CREATED_BY, CREATED_AT)
VALUES (SEQ_MAT_ARRIVALS.NEXTVAL, 'ARR-2026-0009', 'PO-2026-005', '1177', 2500, 'RM_MAIN', TIMESTAMP '2026-01-20 09:00:00', 'PO', '현대모비스부품(주)', 'DONE', 'PASS', '40', '1000', 'admin', TIMESTAMP '2026-01-20 09:00:00');

INSERT INTO MAT_ARRIVALS (ID, ARRIVAL_NO, PO_NO, ITEM_CODE, QTY, WAREHOUSE_CODE, ARRIVAL_DATE, ARRIVAL_TYPE, VENDOR_NAME, STATUS, IQC_STATUS, COMPANY, PLANT_CD, CREATED_BY, CREATED_AT)
VALUES (SEQ_MAT_ARRIVALS.NEXTVAL, 'ARR-2026-0010', 'PO-2026-005', '1171', 3500, 'RM_MAIN', TIMESTAMP '2026-01-20 09:30:00', 'PO', '현대모비스부품(주)', 'DONE', 'PASS', '40', '1000', 'admin', TIMESTAMP '2026-01-20 09:30:00');

-- 2차 입하 (2월, 동일 품목 재입하)
INSERT INTO MAT_ARRIVALS (ID, ARRIVAL_NO, PO_NO, ITEM_CODE, QTY, WAREHOUSE_CODE, ARRIVAL_DATE, ARRIVAL_TYPE, VENDOR_NAME, STATUS, IQC_STATUS, COMPANY, PLANT_CD, CREATED_BY, CREATED_AT)
VALUES (SEQ_MAT_ARRIVALS.NEXTVAL, 'ARR-2026-0011', 'PO-2026-006', '1163', 3000, 'RM_MAIN', TIMESTAMP '2026-02-03 08:00:00', 'PO', '한국금속공업(주)', 'DONE', 'PASS', '40', '1000', 'admin', TIMESTAMP '2026-02-03 08:00:00');

INSERT INTO MAT_ARRIVALS (ID, ARRIVAL_NO, PO_NO, ITEM_CODE, QTY, WAREHOUSE_CODE, ARRIVAL_DATE, ARRIVAL_TYPE, VENDOR_NAME, STATUS, IQC_STATUS, COMPANY, PLANT_CD, CREATED_BY, CREATED_AT)
VALUES (SEQ_MAT_ARRIVALS.NEXTVAL, 'ARR-2026-0012', 'PO-2026-006', '1167', 5000, 'RM_MAIN', TIMESTAMP '2026-02-03 08:30:00', 'PO', '대한전자부품(주)', 'DONE', 'PASS', '40', '1000', 'admin', TIMESTAMP '2026-02-03 08:30:00');

INSERT INTO MAT_ARRIVALS (ID, ARRIVAL_NO, PO_NO, ITEM_CODE, QTY, WAREHOUSE_CODE, ARRIVAL_DATE, ARRIVAL_TYPE, VENDOR_NAME, STATUS, IQC_STATUS, COMPANY, PLANT_CD, CREATED_BY, CREATED_AT)
VALUES (SEQ_MAT_ARRIVALS.NEXTVAL, 'ARR-2026-0013', 'PO-2026-007', '1172', 800, 'RM_MAIN', TIMESTAMP '2026-02-10 10:00:00', 'PO', '삼성테크노(주)', 'DONE', 'PASS', '40', '1000', 'admin', TIMESTAMP '2026-02-10 10:00:00');

-- IQC 미통과 (FAIL) 건 - 입하만 있고 입고 안 됨
INSERT INTO MAT_ARRIVALS (ID, ARRIVAL_NO, PO_NO, ITEM_CODE, QTY, WAREHOUSE_CODE, ARRIVAL_DATE, ARRIVAL_TYPE, VENDOR_NAME, STATUS, IQC_STATUS, COMPANY, PLANT_CD, CREATED_BY, CREATED_AT)
VALUES (SEQ_MAT_ARRIVALS.NEXTVAL, 'ARR-2026-0014', 'PO-2026-007', '1175', 2000, 'RM_MAIN', TIMESTAMP '2026-02-10 10:30:00', 'PO', 'LG화학소재(주)', 'DONE', 'FAIL', '40', '1000', 'admin', TIMESTAMP '2026-02-10 10:30:00');

-- IQC 대기중 건
INSERT INTO MAT_ARRIVALS (ID, ARRIVAL_NO, PO_NO, ITEM_CODE, QTY, WAREHOUSE_CODE, ARRIVAL_DATE, ARRIVAL_TYPE, VENDOR_NAME, STATUS, IQC_STATUS, COMPANY, PLANT_CD, CREATED_BY, CREATED_AT)
VALUES (SEQ_MAT_ARRIVALS.NEXTVAL, 'ARR-2026-0015', 'PO-2026-008', '1177', 4000, 'RM_MAIN', TIMESTAMP '2026-02-25 09:00:00', 'PO', '현대모비스부품(주)', 'DONE', 'PENDING', '40', '1000', 'admin', TIMESTAMP '2026-02-25 09:00:00');

COMMIT;

-- ========================================
-- STEP 2: IQC 검사 (IQC_LOGS) - 15건
-- 입하와 1:1 매칭 (ARRIVAL_NO 참조)
-- ========================================
INSERT INTO IQC_LOGS (ID, ARRIVAL_NO, ITEM_CODE, INSPECT_TYPE, RESULT, INSPECTOR_NAME, INSPECT_DATE, STATUS, COMPANY, PLANT_CD, CREATED_BY, CREATED_AT)
VALUES (SEQ_IQC_LOGS.NEXTVAL, 'ARR-2026-0001', '1163', 'INITIAL', 'PASS', '김검사', TIMESTAMP '2026-01-06 11:00:00', 'DONE', '40', '1000', 'admin', TIMESTAMP '2026-01-06 11:00:00');

INSERT INTO IQC_LOGS (ID, ARRIVAL_NO, ITEM_CODE, INSPECT_TYPE, RESULT, INSPECTOR_NAME, INSPECT_DATE, STATUS, COMPANY, PLANT_CD, CREATED_BY, CREATED_AT)
VALUES (SEQ_IQC_LOGS.NEXTVAL, 'ARR-2026-0002', '1164', 'INITIAL', 'PASS', '김검사', TIMESTAMP '2026-01-06 11:30:00', 'DONE', '40', '1000', 'admin', TIMESTAMP '2026-01-06 11:30:00');

INSERT INTO IQC_LOGS (ID, ARRIVAL_NO, ITEM_CODE, INSPECT_TYPE, RESULT, INSPECTOR_NAME, INSPECT_DATE, STATUS, COMPANY, PLANT_CD, CREATED_BY, CREATED_AT)
VALUES (SEQ_IQC_LOGS.NEXTVAL, 'ARR-2026-0003', '1166', 'INITIAL', 'PASS', '이검사', TIMESTAMP '2026-01-08 13:00:00', 'DONE', '40', '1000', 'admin', TIMESTAMP '2026-01-08 13:00:00');

INSERT INTO IQC_LOGS (ID, ARRIVAL_NO, ITEM_CODE, INSPECT_TYPE, RESULT, INSPECTOR_NAME, INSPECT_DATE, STATUS, COMPANY, PLANT_CD, CREATED_BY, CREATED_AT)
VALUES (SEQ_IQC_LOGS.NEXTVAL, 'ARR-2026-0004', '1167', 'INITIAL', 'PASS', '이검사', TIMESTAMP '2026-01-08 13:30:00', 'DONE', '40', '1000', 'admin', TIMESTAMP '2026-01-08 13:30:00');

INSERT INTO IQC_LOGS (ID, ARRIVAL_NO, ITEM_CODE, INSPECT_TYPE, RESULT, INSPECTOR_NAME, INSPECT_DATE, STATUS, COMPANY, PLANT_CD, CREATED_BY, CREATED_AT)
VALUES (SEQ_IQC_LOGS.NEXTVAL, 'ARR-2026-0005', '1170', 'INITIAL', 'PASS', '박검사', TIMESTAMP '2026-01-13 11:00:00', 'DONE', '40', '1000', 'admin', TIMESTAMP '2026-01-13 11:00:00');

INSERT INTO IQC_LOGS (ID, ARRIVAL_NO, ITEM_CODE, INSPECT_TYPE, RESULT, INSPECTOR_NAME, INSPECT_DATE, STATUS, COMPANY, PLANT_CD, CREATED_BY, CREATED_AT)
VALUES (SEQ_IQC_LOGS.NEXTVAL, 'ARR-2026-0006', '1172', 'INITIAL', 'PASS', '박검사', TIMESTAMP '2026-01-13 11:30:00', 'DONE', '40', '1000', 'admin', TIMESTAMP '2026-01-13 11:30:00');

INSERT INTO IQC_LOGS (ID, ARRIVAL_NO, ITEM_CODE, INSPECT_TYPE, RESULT, INSPECTOR_NAME, INSPECT_DATE, STATUS, COMPANY, PLANT_CD, CREATED_BY, CREATED_AT)
VALUES (SEQ_IQC_LOGS.NEXTVAL, 'ARR-2026-0007', '1173', 'INITIAL', 'PASS', '김검사', TIMESTAMP '2026-01-15 16:00:00', 'DONE', '40', '1000', 'admin', TIMESTAMP '2026-01-15 16:00:00');

INSERT INTO IQC_LOGS (ID, ARRIVAL_NO, ITEM_CODE, INSPECT_TYPE, RESULT, INSPECTOR_NAME, INSPECT_DATE, STATUS, COMPANY, PLANT_CD, CREATED_BY, CREATED_AT)
VALUES (SEQ_IQC_LOGS.NEXTVAL, 'ARR-2026-0008', '1175', 'INITIAL', 'PASS', '김검사', TIMESTAMP '2026-01-15 16:30:00', 'DONE', '40', '1000', 'admin', TIMESTAMP '2026-01-15 16:30:00');

INSERT INTO IQC_LOGS (ID, ARRIVAL_NO, ITEM_CODE, INSPECT_TYPE, RESULT, INSPECTOR_NAME, INSPECT_DATE, STATUS, COMPANY, PLANT_CD, CREATED_BY, CREATED_AT)
VALUES (SEQ_IQC_LOGS.NEXTVAL, 'ARR-2026-0009', '1177', 'INITIAL', 'PASS', '이검사', TIMESTAMP '2026-01-20 11:00:00', 'DONE', '40', '1000', 'admin', TIMESTAMP '2026-01-20 11:00:00');

INSERT INTO IQC_LOGS (ID, ARRIVAL_NO, ITEM_CODE, INSPECT_TYPE, RESULT, INSPECTOR_NAME, INSPECT_DATE, STATUS, COMPANY, PLANT_CD, CREATED_BY, CREATED_AT)
VALUES (SEQ_IQC_LOGS.NEXTVAL, 'ARR-2026-0010', '1171', 'INITIAL', 'PASS', '이검사', TIMESTAMP '2026-01-20 11:30:00', 'DONE', '40', '1000', 'admin', TIMESTAMP '2026-01-20 11:30:00');

-- 2차 입하 IQC
INSERT INTO IQC_LOGS (ID, ARRIVAL_NO, ITEM_CODE, INSPECT_TYPE, RESULT, INSPECTOR_NAME, INSPECT_DATE, STATUS, COMPANY, PLANT_CD, CREATED_BY, CREATED_AT)
VALUES (SEQ_IQC_LOGS.NEXTVAL, 'ARR-2026-0011', '1163', 'INITIAL', 'PASS', '박검사', TIMESTAMP '2026-02-03 10:00:00', 'DONE', '40', '1000', 'admin', TIMESTAMP '2026-02-03 10:00:00');

INSERT INTO IQC_LOGS (ID, ARRIVAL_NO, ITEM_CODE, INSPECT_TYPE, RESULT, INSPECTOR_NAME, INSPECT_DATE, STATUS, COMPANY, PLANT_CD, CREATED_BY, CREATED_AT)
VALUES (SEQ_IQC_LOGS.NEXTVAL, 'ARR-2026-0012', '1167', 'INITIAL', 'PASS', '박검사', TIMESTAMP '2026-02-03 10:30:00', 'DONE', '40', '1000', 'admin', TIMESTAMP '2026-02-03 10:30:00');

INSERT INTO IQC_LOGS (ID, ARRIVAL_NO, ITEM_CODE, INSPECT_TYPE, RESULT, INSPECTOR_NAME, INSPECT_DATE, STATUS, COMPANY, PLANT_CD, CREATED_BY, CREATED_AT)
VALUES (SEQ_IQC_LOGS.NEXTVAL, 'ARR-2026-0013', '1172', 'INITIAL', 'PASS', '김검사', TIMESTAMP '2026-02-10 12:00:00', 'DONE', '40', '1000', 'admin', TIMESTAMP '2026-02-10 12:00:00');

-- FAIL 건
INSERT INTO IQC_LOGS (ID, ARRIVAL_NO, ITEM_CODE, INSPECT_TYPE, RESULT, INSPECTOR_NAME, INSPECT_DATE, REMARK, STATUS, COMPANY, PLANT_CD, CREATED_BY, CREATED_AT)
VALUES (SEQ_IQC_LOGS.NEXTVAL, 'ARR-2026-0014', '1175', 'INITIAL', 'FAIL', '이검사', TIMESTAMP '2026-02-10 12:30:00', '외관 불량 다수 발견', 'DONE', '40', '1000', 'admin', TIMESTAMP '2026-02-10 12:30:00');

-- PENDING 건 (IQC 미실시)
INSERT INTO IQC_LOGS (ID, ARRIVAL_NO, ITEM_CODE, INSPECT_TYPE, RESULT, INSPECTOR_NAME, INSPECT_DATE, STATUS, COMPANY, PLANT_CD, CREATED_BY, CREATED_AT)
VALUES (SEQ_IQC_LOGS.NEXTVAL, 'ARR-2026-0015', '1177', 'INITIAL', 'PENDING', '김검사', TIMESTAMP '2026-02-25 10:00:00', 'IN_PROGRESS', '40', '1000', 'admin', TIMESTAMP '2026-02-25 10:00:00');

COMMIT;

-- ========================================
-- STEP 3: 입고 (MAT_RECEIVINGS) - 13건
-- IQC PASS된 입하건만 입고 처리
-- MAT_UID 형식: M26010001 ~ (년월+시퀀스)
-- ========================================
INSERT INTO MAT_RECEIVINGS (ID, RECEIVE_NO, MAT_UID, ITEM_CODE, QTY, WAREHOUSE_CODE, RECEIVE_DATE, STATUS, COMPANY, PLANT_CD, CREATED_BY, CREATED_AT)
VALUES (SEQ_MAT_RECEIVINGS.NEXTVAL, 'RCV-2026-0001', 'M26010001', '1163', 5000, 'RM_MAIN', TIMESTAMP '2026-01-06 14:00:00', 'DONE', '40', '1000', 'admin', TIMESTAMP '2026-01-06 14:00:00');

INSERT INTO MAT_RECEIVINGS (ID, RECEIVE_NO, MAT_UID, ITEM_CODE, QTY, WAREHOUSE_CODE, RECEIVE_DATE, STATUS, COMPANY, PLANT_CD, CREATED_BY, CREATED_AT)
VALUES (SEQ_MAT_RECEIVINGS.NEXTVAL, 'RCV-2026-0002', 'M26010002', '1164', 3000, 'RM_MAIN', TIMESTAMP '2026-01-06 14:30:00', 'DONE', '40', '1000', 'admin', TIMESTAMP '2026-01-06 14:30:00');

INSERT INTO MAT_RECEIVINGS (ID, RECEIVE_NO, MAT_UID, ITEM_CODE, QTY, WAREHOUSE_CODE, RECEIVE_DATE, STATUS, COMPANY, PLANT_CD, CREATED_BY, CREATED_AT)
VALUES (SEQ_MAT_RECEIVINGS.NEXTVAL, 'RCV-2026-0003', 'M26010003', '1166', 2000, 'RM_MAIN', TIMESTAMP '2026-01-08 15:00:00', 'DONE', '40', '1000', 'admin', TIMESTAMP '2026-01-08 15:00:00');

INSERT INTO MAT_RECEIVINGS (ID, RECEIVE_NO, MAT_UID, ITEM_CODE, QTY, WAREHOUSE_CODE, RECEIVE_DATE, STATUS, COMPANY, PLANT_CD, CREATED_BY, CREATED_AT)
VALUES (SEQ_MAT_RECEIVINGS.NEXTVAL, 'RCV-2026-0004', 'M26010004', '1167', 8000, 'RM_MAIN', TIMESTAMP '2026-01-08 15:30:00', 'DONE', '40', '1000', 'admin', TIMESTAMP '2026-01-08 15:30:00');

INSERT INTO MAT_RECEIVINGS (ID, RECEIVE_NO, MAT_UID, ITEM_CODE, QTY, WAREHOUSE_CODE, RECEIVE_DATE, STATUS, COMPANY, PLANT_CD, CREATED_BY, CREATED_AT)
VALUES (SEQ_MAT_RECEIVINGS.NEXTVAL, 'RCV-2026-0005', 'M26010005', '1170', 1500, 'RM_MAIN', TIMESTAMP '2026-01-13 13:00:00', 'DONE', '40', '1000', 'admin', TIMESTAMP '2026-01-13 13:00:00');

INSERT INTO MAT_RECEIVINGS (ID, RECEIVE_NO, MAT_UID, ITEM_CODE, QTY, WAREHOUSE_CODE, RECEIVE_DATE, STATUS, COMPANY, PLANT_CD, CREATED_BY, CREATED_AT)
VALUES (SEQ_MAT_RECEIVINGS.NEXTVAL, 'RCV-2026-0006', 'M26010006', '1172', 500, 'RM_MAIN', TIMESTAMP '2026-01-13 13:30:00', 'DONE', '40', '1000', 'admin', TIMESTAMP '2026-01-13 13:30:00');

INSERT INTO MAT_RECEIVINGS (ID, RECEIVE_NO, MAT_UID, ITEM_CODE, QTY, WAREHOUSE_CODE, RECEIVE_DATE, STATUS, COMPANY, PLANT_CD, CREATED_BY, CREATED_AT)
VALUES (SEQ_MAT_RECEIVINGS.NEXTVAL, 'RCV-2026-0007', 'M26010007', '1173', 6000, 'RM_MAIN', TIMESTAMP '2026-01-15 17:00:00', 'DONE', '40', '1000', 'admin', TIMESTAMP '2026-01-15 17:00:00');

INSERT INTO MAT_RECEIVINGS (ID, RECEIVE_NO, MAT_UID, ITEM_CODE, QTY, WAREHOUSE_CODE, RECEIVE_DATE, STATUS, COMPANY, PLANT_CD, CREATED_BY, CREATED_AT)
VALUES (SEQ_MAT_RECEIVINGS.NEXTVAL, 'RCV-2026-0008', 'M26010008', '1175', 4000, 'RM_MAIN', TIMESTAMP '2026-01-15 17:30:00', 'DONE', '40', '1000', 'admin', TIMESTAMP '2026-01-15 17:30:00');

INSERT INTO MAT_RECEIVINGS (ID, RECEIVE_NO, MAT_UID, ITEM_CODE, QTY, WAREHOUSE_CODE, RECEIVE_DATE, STATUS, COMPANY, PLANT_CD, CREATED_BY, CREATED_AT)
VALUES (SEQ_MAT_RECEIVINGS.NEXTVAL, 'RCV-2026-0009', 'M26010009', '1177', 2500, 'RM_MAIN', TIMESTAMP '2026-01-20 14:00:00', 'DONE', '40', '1000', 'admin', TIMESTAMP '2026-01-20 14:00:00');

INSERT INTO MAT_RECEIVINGS (ID, RECEIVE_NO, MAT_UID, ITEM_CODE, QTY, WAREHOUSE_CODE, RECEIVE_DATE, STATUS, COMPANY, PLANT_CD, CREATED_BY, CREATED_AT)
VALUES (SEQ_MAT_RECEIVINGS.NEXTVAL, 'RCV-2026-0010', 'M26010010', '1171', 3500, 'RM_MAIN', TIMESTAMP '2026-01-20 14:30:00', 'DONE', '40', '1000', 'admin', TIMESTAMP '2026-01-20 14:30:00');

-- 2차 입고 (2월)
INSERT INTO MAT_RECEIVINGS (ID, RECEIVE_NO, MAT_UID, ITEM_CODE, QTY, WAREHOUSE_CODE, RECEIVE_DATE, STATUS, COMPANY, PLANT_CD, CREATED_BY, CREATED_AT)
VALUES (SEQ_MAT_RECEIVINGS.NEXTVAL, 'RCV-2026-0011', 'M26020001', '1163', 3000, 'RM_MAIN', TIMESTAMP '2026-02-03 13:00:00', 'DONE', '40', '1000', 'admin', TIMESTAMP '2026-02-03 13:00:00');

INSERT INTO MAT_RECEIVINGS (ID, RECEIVE_NO, MAT_UID, ITEM_CODE, QTY, WAREHOUSE_CODE, RECEIVE_DATE, STATUS, COMPANY, PLANT_CD, CREATED_BY, CREATED_AT)
VALUES (SEQ_MAT_RECEIVINGS.NEXTVAL, 'RCV-2026-0012', 'M26020002', '1167', 5000, 'RM_MAIN', TIMESTAMP '2026-02-03 13:30:00', 'DONE', '40', '1000', 'admin', TIMESTAMP '2026-02-03 13:30:00');

INSERT INTO MAT_RECEIVINGS (ID, RECEIVE_NO, MAT_UID, ITEM_CODE, QTY, WAREHOUSE_CODE, RECEIVE_DATE, STATUS, COMPANY, PLANT_CD, CREATED_BY, CREATED_AT)
VALUES (SEQ_MAT_RECEIVINGS.NEXTVAL, 'RCV-2026-0013', 'M26020003', '1172', 800, 'RM_MAIN', TIMESTAMP '2026-02-10 14:00:00', 'DONE', '40', '1000', 'admin', TIMESTAMP '2026-02-10 14:00:00');

COMMIT;

-- ========================================
-- STEP 4: 자재 LOT (MAT_LOTS) - 13건
-- 입고된 MAT_UID 기준, 출고로 일부 소진
-- ========================================
INSERT INTO MAT_LOTS (MAT_UID, ITEM_CODE, INIT_QTY, CURRENT_QTY, RECV_DATE, VENDOR, PO_NO, IQC_STATUS, STATUS, COMPANY, PLANT_CD, CREATED_BY, CREATED_AT)
VALUES ('M26010001', '1163', 5000, 3500, DATE '2026-01-06', '한국금속공업(주)', 'PO-2026-001', 'PASS', 'NORMAL', '40', '1000', 'admin', TIMESTAMP '2026-01-06 14:00:00 +09:00');

INSERT INTO MAT_LOTS (MAT_UID, ITEM_CODE, INIT_QTY, CURRENT_QTY, RECV_DATE, VENDOR, PO_NO, IQC_STATUS, STATUS, COMPANY, PLANT_CD, CREATED_BY, CREATED_AT)
VALUES ('M26010002', '1164', 3000, 2200, DATE '2026-01-06', '한국금속공업(주)', 'PO-2026-001', 'PASS', 'NORMAL', '40', '1000', 'admin', TIMESTAMP '2026-01-06 14:30:00 +09:00');

INSERT INTO MAT_LOTS (MAT_UID, ITEM_CODE, INIT_QTY, CURRENT_QTY, RECV_DATE, VENDOR, PO_NO, IQC_STATUS, STATUS, COMPANY, PLANT_CD, CREATED_BY, CREATED_AT)
VALUES ('M26010003', '1166', 2000, 1600, DATE '2026-01-08', '대한전자부품(주)', 'PO-2026-002', 'PASS', 'NORMAL', '40', '1000', 'admin', TIMESTAMP '2026-01-08 15:00:00 +09:00');

INSERT INTO MAT_LOTS (MAT_UID, ITEM_CODE, INIT_QTY, CURRENT_QTY, RECV_DATE, VENDOR, PO_NO, IQC_STATUS, STATUS, COMPANY, PLANT_CD, CREATED_BY, CREATED_AT)
VALUES ('M26010004', '1167', 8000, 5500, DATE '2026-01-08', '대한전자부품(주)', 'PO-2026-002', 'PASS', 'NORMAL', '40', '1000', 'admin', TIMESTAMP '2026-01-08 15:30:00 +09:00');

INSERT INTO MAT_LOTS (MAT_UID, ITEM_CODE, INIT_QTY, CURRENT_QTY, RECV_DATE, VENDOR, PO_NO, IQC_STATUS, STATUS, COMPANY, PLANT_CD, CREATED_BY, CREATED_AT)
VALUES ('M26010005', '1170', 1500, 1200, DATE '2026-01-13', '삼성테크노(주)', 'PO-2026-003', 'PASS', 'NORMAL', '40', '1000', 'admin', TIMESTAMP '2026-01-13 13:00:00 +09:00');

INSERT INTO MAT_LOTS (MAT_UID, ITEM_CODE, INIT_QTY, CURRENT_QTY, RECV_DATE, VENDOR, PO_NO, IQC_STATUS, STATUS, COMPANY, PLANT_CD, CREATED_BY, CREATED_AT)
VALUES ('M26010006', '1172', 500, 350, DATE '2026-01-13', '삼성테크노(주)', 'PO-2026-003', 'PASS', 'NORMAL', '40', '1000', 'admin', TIMESTAMP '2026-01-13 13:30:00 +09:00');

INSERT INTO MAT_LOTS (MAT_UID, ITEM_CODE, INIT_QTY, CURRENT_QTY, RECV_DATE, VENDOR, PO_NO, IQC_STATUS, STATUS, COMPANY, PLANT_CD, CREATED_BY, CREATED_AT)
VALUES ('M26010007', '1173', 6000, 4500, DATE '2026-01-15', 'LG화학소재(주)', 'PO-2026-004', 'PASS', 'NORMAL', '40', '1000', 'admin', TIMESTAMP '2026-01-15 17:00:00 +09:00');

INSERT INTO MAT_LOTS (MAT_UID, ITEM_CODE, INIT_QTY, CURRENT_QTY, RECV_DATE, VENDOR, PO_NO, IQC_STATUS, STATUS, COMPANY, PLANT_CD, CREATED_BY, CREATED_AT)
VALUES ('M26010008', '1175', 4000, 3000, DATE '2026-01-15', 'LG화학소재(주)', 'PO-2026-004', 'PASS', 'NORMAL', '40', '1000', 'admin', TIMESTAMP '2026-01-15 17:30:00 +09:00');

INSERT INTO MAT_LOTS (MAT_UID, ITEM_CODE, INIT_QTY, CURRENT_QTY, RECV_DATE, VENDOR, PO_NO, IQC_STATUS, STATUS, COMPANY, PLANT_CD, CREATED_BY, CREATED_AT)
VALUES ('M26010009', '1177', 2500, 2000, DATE '2026-01-20', '현대모비스부품(주)', 'PO-2026-005', 'PASS', 'NORMAL', '40', '1000', 'admin', TIMESTAMP '2026-01-20 14:00:00 +09:00');

INSERT INTO MAT_LOTS (MAT_UID, ITEM_CODE, INIT_QTY, CURRENT_QTY, RECV_DATE, VENDOR, PO_NO, IQC_STATUS, STATUS, COMPANY, PLANT_CD, CREATED_BY, CREATED_AT)
VALUES ('M26010010', '1171', 3500, 2800, DATE '2026-01-20', '현대모비스부품(주)', 'PO-2026-005', 'PASS', 'NORMAL', '40', '1000', 'admin', TIMESTAMP '2026-01-20 14:30:00 +09:00');

-- 2차 입고 LOT (2월)
INSERT INTO MAT_LOTS (MAT_UID, ITEM_CODE, INIT_QTY, CURRENT_QTY, RECV_DATE, VENDOR, PO_NO, IQC_STATUS, STATUS, COMPANY, PLANT_CD, CREATED_BY, CREATED_AT)
VALUES ('M26020001', '1163', 3000, 3000, DATE '2026-02-03', '한국금속공업(주)', 'PO-2026-006', 'PASS', 'NORMAL', '40', '1000', 'admin', TIMESTAMP '2026-02-03 13:00:00 +09:00');

INSERT INTO MAT_LOTS (MAT_UID, ITEM_CODE, INIT_QTY, CURRENT_QTY, RECV_DATE, VENDOR, PO_NO, IQC_STATUS, STATUS, COMPANY, PLANT_CD, CREATED_BY, CREATED_AT)
VALUES ('M26020002', '1167', 5000, 4500, DATE '2026-02-03', '대한전자부품(주)', 'PO-2026-006', 'PASS', 'NORMAL', '40', '1000', 'admin', TIMESTAMP '2026-02-03 13:30:00 +09:00');

INSERT INTO MAT_LOTS (MAT_UID, ITEM_CODE, INIT_QTY, CURRENT_QTY, RECV_DATE, VENDOR, PO_NO, IQC_STATUS, STATUS, COMPANY, PLANT_CD, CREATED_BY, CREATED_AT)
VALUES ('M26020003', '1172', 800, 800, DATE '2026-02-10', '삼성테크노(주)', 'PO-2026-007', 'PASS', 'NORMAL', '40', '1000', 'admin', TIMESTAMP '2026-02-10 14:00:00 +09:00');

COMMIT;

-- ========================================
-- STEP 5: 자재 재고 (MAT_STOCKS) - 13건
-- MAT_UID별 현재 재고 = LOT의 CURRENT_QTY
-- ========================================
INSERT INTO MAT_STOCKS (WAREHOUSE_CODE, ITEM_CODE, MAT_UID, QTY, RESERVED_QTY, AVAILABLE_QTY, COMPANY, PLANT_CD, CREATED_BY, CREATED_AT)
VALUES ('RM_MAIN', '1163', 'M26010001', 3500, 0, 3500, '40', '1000', 'admin', TIMESTAMP '2026-01-06 14:00:00 +09:00');

INSERT INTO MAT_STOCKS (WAREHOUSE_CODE, ITEM_CODE, MAT_UID, QTY, RESERVED_QTY, AVAILABLE_QTY, COMPANY, PLANT_CD, CREATED_BY, CREATED_AT)
VALUES ('RM_MAIN', '1164', 'M26010002', 2200, 0, 2200, '40', '1000', 'admin', TIMESTAMP '2026-01-06 14:30:00 +09:00');

INSERT INTO MAT_STOCKS (WAREHOUSE_CODE, ITEM_CODE, MAT_UID, QTY, RESERVED_QTY, AVAILABLE_QTY, COMPANY, PLANT_CD, CREATED_BY, CREATED_AT)
VALUES ('RM_MAIN', '1166', 'M26010003', 1600, 0, 1600, '40', '1000', 'admin', TIMESTAMP '2026-01-08 15:00:00 +09:00');

INSERT INTO MAT_STOCKS (WAREHOUSE_CODE, ITEM_CODE, MAT_UID, QTY, RESERVED_QTY, AVAILABLE_QTY, COMPANY, PLANT_CD, CREATED_BY, CREATED_AT)
VALUES ('RM_MAIN', '1167', 'M26010004', 5500, 0, 5500, '40', '1000', 'admin', TIMESTAMP '2026-01-08 15:30:00 +09:00');

INSERT INTO MAT_STOCKS (WAREHOUSE_CODE, ITEM_CODE, MAT_UID, QTY, RESERVED_QTY, AVAILABLE_QTY, COMPANY, PLANT_CD, CREATED_BY, CREATED_AT)
VALUES ('RM_MAIN', '1170', 'M26010005', 1200, 0, 1200, '40', '1000', 'admin', TIMESTAMP '2026-01-13 13:00:00 +09:00');

INSERT INTO MAT_STOCKS (WAREHOUSE_CODE, ITEM_CODE, MAT_UID, QTY, RESERVED_QTY, AVAILABLE_QTY, COMPANY, PLANT_CD, CREATED_BY, CREATED_AT)
VALUES ('RM_MAIN', '1172', 'M26010006', 350, 0, 350, '40', '1000', 'admin', TIMESTAMP '2026-01-13 13:30:00 +09:00');

INSERT INTO MAT_STOCKS (WAREHOUSE_CODE, ITEM_CODE, MAT_UID, QTY, RESERVED_QTY, AVAILABLE_QTY, COMPANY, PLANT_CD, CREATED_BY, CREATED_AT)
VALUES ('RM_MAIN', '1173', 'M26010007', 4500, 0, 4500, '40', '1000', 'admin', TIMESTAMP '2026-01-15 17:00:00 +09:00');

INSERT INTO MAT_STOCKS (WAREHOUSE_CODE, ITEM_CODE, MAT_UID, QTY, RESERVED_QTY, AVAILABLE_QTY, COMPANY, PLANT_CD, CREATED_BY, CREATED_AT)
VALUES ('RM_MAIN', '1175', 'M26010008', 3000, 0, 3000, '40', '1000', 'admin', TIMESTAMP '2026-01-15 17:30:00 +09:00');

INSERT INTO MAT_STOCKS (WAREHOUSE_CODE, ITEM_CODE, MAT_UID, QTY, RESERVED_QTY, AVAILABLE_QTY, COMPANY, PLANT_CD, CREATED_BY, CREATED_AT)
VALUES ('RM_MAIN', '1177', 'M26010009', 2000, 0, 2000, '40', '1000', 'admin', TIMESTAMP '2026-01-20 14:00:00 +09:00');

INSERT INTO MAT_STOCKS (WAREHOUSE_CODE, ITEM_CODE, MAT_UID, QTY, RESERVED_QTY, AVAILABLE_QTY, COMPANY, PLANT_CD, CREATED_BY, CREATED_AT)
VALUES ('RM_MAIN', '1171', 'M26010010', 2800, 0, 2800, '40', '1000', 'admin', TIMESTAMP '2026-01-20 14:30:00 +09:00');

-- 2차 재고
INSERT INTO MAT_STOCKS (WAREHOUSE_CODE, ITEM_CODE, MAT_UID, QTY, RESERVED_QTY, AVAILABLE_QTY, COMPANY, PLANT_CD, CREATED_BY, CREATED_AT)
VALUES ('RM_MAIN', '1163', 'M26020001', 3000, 0, 3000, '40', '1000', 'admin', TIMESTAMP '2026-02-03 13:00:00 +09:00');

INSERT INTO MAT_STOCKS (WAREHOUSE_CODE, ITEM_CODE, MAT_UID, QTY, RESERVED_QTY, AVAILABLE_QTY, COMPANY, PLANT_CD, CREATED_BY, CREATED_AT)
VALUES ('RM_MAIN', '1167', 'M26020002', 4500, 0, 4500, '40', '1000', 'admin', TIMESTAMP '2026-02-03 13:30:00 +09:00');

INSERT INTO MAT_STOCKS (WAREHOUSE_CODE, ITEM_CODE, MAT_UID, QTY, RESERVED_QTY, AVAILABLE_QTY, COMPANY, PLANT_CD, CREATED_BY, CREATED_AT)
VALUES ('RM_MAIN', '1172', 'M26020003', 800, 0, 800, '40', '1000', 'admin', TIMESTAMP '2026-02-10 14:00:00 +09:00');

COMMIT;

-- ========================================
-- STEP 6: 재고 트랜잭션 (STOCK_TRANSACTIONS)
-- 입고 13건 + 출고 10건 = 23건
-- ========================================
-- 입고 트랜잭션 (RECEIVE)
INSERT INTO STOCK_TRANSACTIONS (ID, TRANS_NO, TRANS_TYPE, TRANS_DATE, TO_WAREHOUSE_ID, ITEM_CODE, MAT_UID, QTY, REF_TYPE, STATUS, COMPANY, PLANT_CD, CREATED_BY, CREATED_AT)
VALUES (SEQ_STOCK_TRANSACTIONS.NEXTVAL, 'STX-2026-0001', 'MAT_IN', TIMESTAMP '2026-01-06 14:00:00 +09:00', 'RM_MAIN', '1163', 'M26010001', 5000, 'PO', 'DONE', '40', '1000', 'admin', TIMESTAMP '2026-01-06 14:00:00 +09:00');

INSERT INTO STOCK_TRANSACTIONS (ID, TRANS_NO, TRANS_TYPE, TRANS_DATE, TO_WAREHOUSE_ID, ITEM_CODE, MAT_UID, QTY, REF_TYPE, STATUS, COMPANY, PLANT_CD, CREATED_BY, CREATED_AT)
VALUES (SEQ_STOCK_TRANSACTIONS.NEXTVAL, 'STX-2026-0002', 'MAT_IN', TIMESTAMP '2026-01-06 14:30:00 +09:00', 'RM_MAIN', '1164', 'M26010002', 3000, 'PO', 'DONE', '40', '1000', 'admin', TIMESTAMP '2026-01-06 14:30:00 +09:00');

INSERT INTO STOCK_TRANSACTIONS (ID, TRANS_NO, TRANS_TYPE, TRANS_DATE, TO_WAREHOUSE_ID, ITEM_CODE, MAT_UID, QTY, REF_TYPE, STATUS, COMPANY, PLANT_CD, CREATED_BY, CREATED_AT)
VALUES (SEQ_STOCK_TRANSACTIONS.NEXTVAL, 'STX-2026-0003', 'MAT_IN', TIMESTAMP '2026-01-08 15:00:00 +09:00', 'RM_MAIN', '1166', 'M26010003', 2000, 'PO', 'DONE', '40', '1000', 'admin', TIMESTAMP '2026-01-08 15:00:00 +09:00');

INSERT INTO STOCK_TRANSACTIONS (ID, TRANS_NO, TRANS_TYPE, TRANS_DATE, TO_WAREHOUSE_ID, ITEM_CODE, MAT_UID, QTY, REF_TYPE, STATUS, COMPANY, PLANT_CD, CREATED_BY, CREATED_AT)
VALUES (SEQ_STOCK_TRANSACTIONS.NEXTVAL, 'STX-2026-0004', 'MAT_IN', TIMESTAMP '2026-01-08 15:30:00 +09:00', 'RM_MAIN', '1167', 'M26010004', 8000, 'PO', 'DONE', '40', '1000', 'admin', TIMESTAMP '2026-01-08 15:30:00 +09:00');

INSERT INTO STOCK_TRANSACTIONS (ID, TRANS_NO, TRANS_TYPE, TRANS_DATE, TO_WAREHOUSE_ID, ITEM_CODE, MAT_UID, QTY, REF_TYPE, STATUS, COMPANY, PLANT_CD, CREATED_BY, CREATED_AT)
VALUES (SEQ_STOCK_TRANSACTIONS.NEXTVAL, 'STX-2026-0005', 'MAT_IN', TIMESTAMP '2026-01-13 13:00:00 +09:00', 'RM_MAIN', '1170', 'M26010005', 1500, 'PO', 'DONE', '40', '1000', 'admin', TIMESTAMP '2026-01-13 13:00:00 +09:00');

INSERT INTO STOCK_TRANSACTIONS (ID, TRANS_NO, TRANS_TYPE, TRANS_DATE, TO_WAREHOUSE_ID, ITEM_CODE, MAT_UID, QTY, REF_TYPE, STATUS, COMPANY, PLANT_CD, CREATED_BY, CREATED_AT)
VALUES (SEQ_STOCK_TRANSACTIONS.NEXTVAL, 'STX-2026-0006', 'MAT_IN', TIMESTAMP '2026-01-13 13:30:00 +09:00', 'RM_MAIN', '1172', 'M26010006', 500, 'PO', 'DONE', '40', '1000', 'admin', TIMESTAMP '2026-01-13 13:30:00 +09:00');

INSERT INTO STOCK_TRANSACTIONS (ID, TRANS_NO, TRANS_TYPE, TRANS_DATE, TO_WAREHOUSE_ID, ITEM_CODE, MAT_UID, QTY, REF_TYPE, STATUS, COMPANY, PLANT_CD, CREATED_BY, CREATED_AT)
VALUES (SEQ_STOCK_TRANSACTIONS.NEXTVAL, 'STX-2026-0007', 'MAT_IN', TIMESTAMP '2026-01-15 17:00:00 +09:00', 'RM_MAIN', '1173', 'M26010007', 6000, 'PO', 'DONE', '40', '1000', 'admin', TIMESTAMP '2026-01-15 17:00:00 +09:00');

INSERT INTO STOCK_TRANSACTIONS (ID, TRANS_NO, TRANS_TYPE, TRANS_DATE, TO_WAREHOUSE_ID, ITEM_CODE, MAT_UID, QTY, REF_TYPE, STATUS, COMPANY, PLANT_CD, CREATED_BY, CREATED_AT)
VALUES (SEQ_STOCK_TRANSACTIONS.NEXTVAL, 'STX-2026-0008', 'MAT_IN', TIMESTAMP '2026-01-15 17:30:00 +09:00', 'RM_MAIN', '1175', 'M26010008', 4000, 'PO', 'DONE', '40', '1000', 'admin', TIMESTAMP '2026-01-15 17:30:00 +09:00');

INSERT INTO STOCK_TRANSACTIONS (ID, TRANS_NO, TRANS_TYPE, TRANS_DATE, TO_WAREHOUSE_ID, ITEM_CODE, MAT_UID, QTY, REF_TYPE, STATUS, COMPANY, PLANT_CD, CREATED_BY, CREATED_AT)
VALUES (SEQ_STOCK_TRANSACTIONS.NEXTVAL, 'STX-2026-0009', 'MAT_IN', TIMESTAMP '2026-01-20 14:00:00 +09:00', 'RM_MAIN', '1177', 'M26010009', 2500, 'PO', 'DONE', '40', '1000', 'admin', TIMESTAMP '2026-01-20 14:00:00 +09:00');

INSERT INTO STOCK_TRANSACTIONS (ID, TRANS_NO, TRANS_TYPE, TRANS_DATE, TO_WAREHOUSE_ID, ITEM_CODE, MAT_UID, QTY, REF_TYPE, STATUS, COMPANY, PLANT_CD, CREATED_BY, CREATED_AT)
VALUES (SEQ_STOCK_TRANSACTIONS.NEXTVAL, 'STX-2026-0010', 'MAT_IN', TIMESTAMP '2026-01-20 14:30:00 +09:00', 'RM_MAIN', '1171', 'M26010010', 3500, 'PO', 'DONE', '40', '1000', 'admin', TIMESTAMP '2026-01-20 14:30:00 +09:00');

-- 2차 입고 트랜잭션
INSERT INTO STOCK_TRANSACTIONS (ID, TRANS_NO, TRANS_TYPE, TRANS_DATE, TO_WAREHOUSE_ID, ITEM_CODE, MAT_UID, QTY, REF_TYPE, STATUS, COMPANY, PLANT_CD, CREATED_BY, CREATED_AT)
VALUES (SEQ_STOCK_TRANSACTIONS.NEXTVAL, 'STX-2026-0011', 'MAT_IN', TIMESTAMP '2026-02-03 13:00:00 +09:00', 'RM_MAIN', '1163', 'M26020001', 3000, 'PO', 'DONE', '40', '1000', 'admin', TIMESTAMP '2026-02-03 13:00:00 +09:00');

INSERT INTO STOCK_TRANSACTIONS (ID, TRANS_NO, TRANS_TYPE, TRANS_DATE, TO_WAREHOUSE_ID, ITEM_CODE, MAT_UID, QTY, REF_TYPE, STATUS, COMPANY, PLANT_CD, CREATED_BY, CREATED_AT)
VALUES (SEQ_STOCK_TRANSACTIONS.NEXTVAL, 'STX-2026-0012', 'MAT_IN', TIMESTAMP '2026-02-03 13:30:00 +09:00', 'RM_MAIN', '1167', 'M26020002', 5000, 'PO', 'DONE', '40', '1000', 'admin', TIMESTAMP '2026-02-03 13:30:00 +09:00');

INSERT INTO STOCK_TRANSACTIONS (ID, TRANS_NO, TRANS_TYPE, TRANS_DATE, TO_WAREHOUSE_ID, ITEM_CODE, MAT_UID, QTY, REF_TYPE, STATUS, COMPANY, PLANT_CD, CREATED_BY, CREATED_AT)
VALUES (SEQ_STOCK_TRANSACTIONS.NEXTVAL, 'STX-2026-0013', 'MAT_IN', TIMESTAMP '2026-02-10 14:00:00 +09:00', 'RM_MAIN', '1172', 'M26020003', 800, 'PO', 'DONE', '40', '1000', 'admin', TIMESTAMP '2026-02-10 14:00:00 +09:00');

-- 출고 트랜잭션 (ISSUE) - 10건
INSERT INTO STOCK_TRANSACTIONS (ID, TRANS_NO, TRANS_TYPE, TRANS_DATE, FROM_WAREHOUSE_ID, ITEM_CODE, MAT_UID, QTY, REF_TYPE, STATUS, COMPANY, PLANT_CD, CREATED_BY, CREATED_AT)
VALUES (SEQ_STOCK_TRANSACTIONS.NEXTVAL, 'STX-2026-0014', 'MAT_OUT', TIMESTAMP '2026-01-22 08:00:00 +09:00', 'RM_MAIN', '1163', 'M26010001', 1500, 'MAT_OUT', 'DONE', '40', '1000', 'admin', TIMESTAMP '2026-01-22 08:00:00 +09:00');

INSERT INTO STOCK_TRANSACTIONS (ID, TRANS_NO, TRANS_TYPE, TRANS_DATE, FROM_WAREHOUSE_ID, ITEM_CODE, MAT_UID, QTY, REF_TYPE, STATUS, COMPANY, PLANT_CD, CREATED_BY, CREATED_AT)
VALUES (SEQ_STOCK_TRANSACTIONS.NEXTVAL, 'STX-2026-0015', 'MAT_OUT', TIMESTAMP '2026-01-22 08:30:00 +09:00', 'RM_MAIN', '1164', 'M26010002', 800, 'MAT_OUT', 'DONE', '40', '1000', 'admin', TIMESTAMP '2026-01-22 08:30:00 +09:00');

INSERT INTO STOCK_TRANSACTIONS (ID, TRANS_NO, TRANS_TYPE, TRANS_DATE, FROM_WAREHOUSE_ID, ITEM_CODE, MAT_UID, QTY, REF_TYPE, STATUS, COMPANY, PLANT_CD, CREATED_BY, CREATED_AT)
VALUES (SEQ_STOCK_TRANSACTIONS.NEXTVAL, 'STX-2026-0016', 'MAT_OUT', TIMESTAMP '2026-01-23 09:00:00 +09:00', 'RM_MAIN', '1166', 'M26010003', 400, 'MAT_OUT', 'DONE', '40', '1000', 'admin', TIMESTAMP '2026-01-23 09:00:00 +09:00');

INSERT INTO STOCK_TRANSACTIONS (ID, TRANS_NO, TRANS_TYPE, TRANS_DATE, FROM_WAREHOUSE_ID, ITEM_CODE, MAT_UID, QTY, REF_TYPE, STATUS, COMPANY, PLANT_CD, CREATED_BY, CREATED_AT)
VALUES (SEQ_STOCK_TRANSACTIONS.NEXTVAL, 'STX-2026-0017', 'MAT_OUT', TIMESTAMP '2026-01-23 09:30:00 +09:00', 'RM_MAIN', '1167', 'M26010004', 2500, 'MAT_OUT', 'DONE', '40', '1000', 'admin', TIMESTAMP '2026-01-23 09:30:00 +09:00');

INSERT INTO STOCK_TRANSACTIONS (ID, TRANS_NO, TRANS_TYPE, TRANS_DATE, FROM_WAREHOUSE_ID, ITEM_CODE, MAT_UID, QTY, REF_TYPE, STATUS, COMPANY, PLANT_CD, CREATED_BY, CREATED_AT)
VALUES (SEQ_STOCK_TRANSACTIONS.NEXTVAL, 'STX-2026-0018', 'MAT_OUT', TIMESTAMP '2026-01-24 10:00:00 +09:00', 'RM_MAIN', '1170', 'M26010005', 300, 'MAT_OUT', 'DONE', '40', '1000', 'admin', TIMESTAMP '2026-01-24 10:00:00 +09:00');

INSERT INTO STOCK_TRANSACTIONS (ID, TRANS_NO, TRANS_TYPE, TRANS_DATE, FROM_WAREHOUSE_ID, ITEM_CODE, MAT_UID, QTY, REF_TYPE, STATUS, COMPANY, PLANT_CD, CREATED_BY, CREATED_AT)
VALUES (SEQ_STOCK_TRANSACTIONS.NEXTVAL, 'STX-2026-0019', 'MAT_OUT', TIMESTAMP '2026-01-24 10:30:00 +09:00', 'RM_MAIN', '1172', 'M26010006', 150, 'MAT_OUT', 'DONE', '40', '1000', 'admin', TIMESTAMP '2026-01-24 10:30:00 +09:00');

INSERT INTO STOCK_TRANSACTIONS (ID, TRANS_NO, TRANS_TYPE, TRANS_DATE, FROM_WAREHOUSE_ID, ITEM_CODE, MAT_UID, QTY, REF_TYPE, STATUS, COMPANY, PLANT_CD, CREATED_BY, CREATED_AT)
VALUES (SEQ_STOCK_TRANSACTIONS.NEXTVAL, 'STX-2026-0020', 'MAT_OUT', TIMESTAMP '2026-01-27 08:00:00 +09:00', 'RM_MAIN', '1173', 'M26010007', 1500, 'MAT_OUT', 'DONE', '40', '1000', 'admin', TIMESTAMP '2026-01-27 08:00:00 +09:00');

INSERT INTO STOCK_TRANSACTIONS (ID, TRANS_NO, TRANS_TYPE, TRANS_DATE, FROM_WAREHOUSE_ID, ITEM_CODE, MAT_UID, QTY, REF_TYPE, STATUS, COMPANY, PLANT_CD, CREATED_BY, CREATED_AT)
VALUES (SEQ_STOCK_TRANSACTIONS.NEXTVAL, 'STX-2026-0021', 'MAT_OUT', TIMESTAMP '2026-01-27 08:30:00 +09:00', 'RM_MAIN', '1175', 'M26010008', 1000, 'MAT_OUT', 'DONE', '40', '1000', 'admin', TIMESTAMP '2026-01-27 08:30:00 +09:00');

INSERT INTO STOCK_TRANSACTIONS (ID, TRANS_NO, TRANS_TYPE, TRANS_DATE, FROM_WAREHOUSE_ID, ITEM_CODE, MAT_UID, QTY, REF_TYPE, STATUS, COMPANY, PLANT_CD, CREATED_BY, CREATED_AT)
VALUES (SEQ_STOCK_TRANSACTIONS.NEXTVAL, 'STX-2026-0022', 'MAT_OUT', TIMESTAMP '2026-01-28 09:00:00 +09:00', 'RM_MAIN', '1177', 'M26010009', 500, 'MAT_OUT', 'DONE', '40', '1000', 'admin', TIMESTAMP '2026-01-28 09:00:00 +09:00');

INSERT INTO STOCK_TRANSACTIONS (ID, TRANS_NO, TRANS_TYPE, TRANS_DATE, FROM_WAREHOUSE_ID, ITEM_CODE, MAT_UID, QTY, REF_TYPE, STATUS, COMPANY, PLANT_CD, CREATED_BY, CREATED_AT)
VALUES (SEQ_STOCK_TRANSACTIONS.NEXTVAL, 'STX-2026-0023', 'MAT_OUT', TIMESTAMP '2026-02-05 09:00:00 +09:00', 'RM_MAIN', '1167', 'M26020002', 500, 'MAT_OUT', 'DONE', '40', '1000', 'admin', TIMESTAMP '2026-02-05 09:00:00 +09:00');

COMMIT;

-- ========================================
-- STEP 7: 출고 요청 (MAT_ISSUE_REQUESTS) - 5건
-- ========================================
INSERT INTO MAT_ISSUE_REQUESTS (ID, REQUEST_NO, ORDER_NO, REQUEST_DATE, STATUS, REQUESTER, ISSUE_TYPE, COMPANY, PLANT_CD, CREATED_BY, CREATED_AT)
VALUES (SEQ_MAT_ISSUE_REQUESTS.NEXTVAL, 'IRQ-2026-0001', NULL, TIMESTAMP '2026-01-22 07:30:00 +09:00', 'COMPLETED', '박작업자', 'PROD', '40', '1000', 'admin', TIMESTAMP '2026-01-22 07:30:00 +09:00');

INSERT INTO MAT_ISSUE_REQUESTS (ID, REQUEST_NO, ORDER_NO, REQUEST_DATE, STATUS, REQUESTER, ISSUE_TYPE, COMPANY, PLANT_CD, CREATED_BY, CREATED_AT)
VALUES (SEQ_MAT_ISSUE_REQUESTS.NEXTVAL, 'IRQ-2026-0002', NULL, TIMESTAMP '2026-01-23 08:30:00 +09:00', 'COMPLETED', '이작업자', 'PROD', '40', '1000', 'admin', TIMESTAMP '2026-01-23 08:30:00 +09:00');

INSERT INTO MAT_ISSUE_REQUESTS (ID, REQUEST_NO, ORDER_NO, REQUEST_DATE, STATUS, REQUESTER, ISSUE_TYPE, COMPANY, PLANT_CD, CREATED_BY, CREATED_AT)
VALUES (SEQ_MAT_ISSUE_REQUESTS.NEXTVAL, 'IRQ-2026-0003', NULL, TIMESTAMP '2026-01-24 09:30:00 +09:00', 'COMPLETED', '김작업자', 'PROD', '40', '1000', 'admin', TIMESTAMP '2026-01-24 09:30:00 +09:00');

INSERT INTO MAT_ISSUE_REQUESTS (ID, REQUEST_NO, ORDER_NO, REQUEST_DATE, STATUS, REQUESTER, ISSUE_TYPE, COMPANY, PLANT_CD, CREATED_BY, CREATED_AT)
VALUES (SEQ_MAT_ISSUE_REQUESTS.NEXTVAL, 'IRQ-2026-0004', NULL, TIMESTAMP '2026-01-27 07:30:00 +09:00', 'COMPLETED', '박작업자', 'PROD', '40', '1000', 'admin', TIMESTAMP '2026-01-27 07:30:00 +09:00');

INSERT INTO MAT_ISSUE_REQUESTS (ID, REQUEST_NO, ORDER_NO, REQUEST_DATE, STATUS, REQUESTER, ISSUE_TYPE, COMPANY, PLANT_CD, CREATED_BY, CREATED_AT)
VALUES (SEQ_MAT_ISSUE_REQUESTS.NEXTVAL, 'IRQ-2026-0005', NULL, TIMESTAMP '2026-02-05 08:30:00 +09:00', 'REQUESTED', '이작업자', 'PROD', '40', '1000', 'admin', TIMESTAMP '2026-02-05 08:30:00 +09:00');

COMMIT;

-- ========================================
-- STEP 8: 출고 요청 품목 (MAT_ISSUE_REQUEST_ITEMS) - 12건
-- ========================================
INSERT INTO MAT_ISSUE_REQUEST_ITEMS (ID, REQUEST_ID, ITEM_CODE, REQUEST_QTY, ISSUED_QTY, UNIT, COMPANY, PLANT_CD, CREATED_BY, CREATED_AT)
VALUES (SEQ_MAT_ISSUE_REQ_ITEMS.NEXTVAL, 'IRQ-2026-0001', '1163', 1500, 1500, 'EA', '40', '1000', 'admin', TIMESTAMP '2026-01-22 07:30:00 +09:00');

INSERT INTO MAT_ISSUE_REQUEST_ITEMS (ID, REQUEST_ID, ITEM_CODE, REQUEST_QTY, ISSUED_QTY, UNIT, COMPANY, PLANT_CD, CREATED_BY, CREATED_AT)
VALUES (SEQ_MAT_ISSUE_REQ_ITEMS.NEXTVAL, 'IRQ-2026-0001', '1164', 800, 800, 'EA', '40', '1000', 'admin', TIMESTAMP '2026-01-22 07:30:00 +09:00');

INSERT INTO MAT_ISSUE_REQUEST_ITEMS (ID, REQUEST_ID, ITEM_CODE, REQUEST_QTY, ISSUED_QTY, UNIT, COMPANY, PLANT_CD, CREATED_BY, CREATED_AT)
VALUES (SEQ_MAT_ISSUE_REQ_ITEMS.NEXTVAL, 'IRQ-2026-0002', '1166', 400, 400, 'EA', '40', '1000', 'admin', TIMESTAMP '2026-01-23 08:30:00 +09:00');

INSERT INTO MAT_ISSUE_REQUEST_ITEMS (ID, REQUEST_ID, ITEM_CODE, REQUEST_QTY, ISSUED_QTY, UNIT, COMPANY, PLANT_CD, CREATED_BY, CREATED_AT)
VALUES (SEQ_MAT_ISSUE_REQ_ITEMS.NEXTVAL, 'IRQ-2026-0002', '1167', 2500, 2500, 'EA', '40', '1000', 'admin', TIMESTAMP '2026-01-23 08:30:00 +09:00');

INSERT INTO MAT_ISSUE_REQUEST_ITEMS (ID, REQUEST_ID, ITEM_CODE, REQUEST_QTY, ISSUED_QTY, UNIT, COMPANY, PLANT_CD, CREATED_BY, CREATED_AT)
VALUES (SEQ_MAT_ISSUE_REQ_ITEMS.NEXTVAL, 'IRQ-2026-0003', '1170', 300, 300, 'EA', '40', '1000', 'admin', TIMESTAMP '2026-01-24 09:30:00 +09:00');

INSERT INTO MAT_ISSUE_REQUEST_ITEMS (ID, REQUEST_ID, ITEM_CODE, REQUEST_QTY, ISSUED_QTY, UNIT, COMPANY, PLANT_CD, CREATED_BY, CREATED_AT)
VALUES (SEQ_MAT_ISSUE_REQ_ITEMS.NEXTVAL, 'IRQ-2026-0003', '1172', 150, 150, 'M', '40', '1000', 'admin', TIMESTAMP '2026-01-24 09:30:00 +09:00');

INSERT INTO MAT_ISSUE_REQUEST_ITEMS (ID, REQUEST_ID, ITEM_CODE, REQUEST_QTY, ISSUED_QTY, UNIT, COMPANY, PLANT_CD, CREATED_BY, CREATED_AT)
VALUES (SEQ_MAT_ISSUE_REQ_ITEMS.NEXTVAL, 'IRQ-2026-0004', '1173', 1500, 1500, 'EA', '40', '1000', 'admin', TIMESTAMP '2026-01-27 07:30:00 +09:00');

INSERT INTO MAT_ISSUE_REQUEST_ITEMS (ID, REQUEST_ID, ITEM_CODE, REQUEST_QTY, ISSUED_QTY, UNIT, COMPANY, PLANT_CD, CREATED_BY, CREATED_AT)
VALUES (SEQ_MAT_ISSUE_REQ_ITEMS.NEXTVAL, 'IRQ-2026-0004', '1175', 1000, 1000, 'EA', '40', '1000', 'admin', TIMESTAMP '2026-01-27 07:30:00 +09:00');

INSERT INTO MAT_ISSUE_REQUEST_ITEMS (ID, REQUEST_ID, ITEM_CODE, REQUEST_QTY, ISSUED_QTY, UNIT, COMPANY, PLANT_CD, CREATED_BY, CREATED_AT)
VALUES (SEQ_MAT_ISSUE_REQ_ITEMS.NEXTVAL, 'IRQ-2026-0004', '1177', 500, 500, 'EA', '40', '1000', 'admin', TIMESTAMP '2026-01-28 09:00:00 +09:00');

INSERT INTO MAT_ISSUE_REQUEST_ITEMS (ID, REQUEST_ID, ITEM_CODE, REQUEST_QTY, ISSUED_QTY, UNIT, COMPANY, PLANT_CD, CREATED_BY, CREATED_AT)
VALUES (SEQ_MAT_ISSUE_REQ_ITEMS.NEXTVAL, 'IRQ-2026-0004', '1171', 700, 700, 'EA', '40', '1000', 'admin', TIMESTAMP '2026-01-28 09:00:00 +09:00');

INSERT INTO MAT_ISSUE_REQUEST_ITEMS (ID, REQUEST_ID, ITEM_CODE, REQUEST_QTY, ISSUED_QTY, UNIT, COMPANY, PLANT_CD, CREATED_BY, CREATED_AT)
VALUES (SEQ_MAT_ISSUE_REQ_ITEMS.NEXTVAL, 'IRQ-2026-0005', '1167', 500, 500, 'EA', '40', '1000', 'admin', TIMESTAMP '2026-02-05 08:30:00 +09:00');

INSERT INTO MAT_ISSUE_REQUEST_ITEMS (ID, REQUEST_ID, ITEM_CODE, REQUEST_QTY, ISSUED_QTY, UNIT, COMPANY, PLANT_CD, CREATED_BY, CREATED_AT)
VALUES (SEQ_MAT_ISSUE_REQ_ITEMS.NEXTVAL, 'IRQ-2026-0005', '1163', 500, 0, 'EA', '40', '1000', 'admin', TIMESTAMP '2026-02-05 08:30:00 +09:00');

COMMIT;

-- ========================================
-- STEP 9: 출고 (MAT_ISSUES) - 10건
-- MAT_UID 기준 출고, 수량은 LOT 소진량과 일치
-- ========================================
INSERT INTO MAT_ISSUES (ID, ISSUE_NO, MAT_UID, ISSUE_QTY, ISSUE_DATE, ISSUE_TYPE, STATUS, COMPANY, PLANT_CD, CREATED_BY, CREATED_AT)
VALUES (SEQ_MAT_ISSUES.NEXTVAL, 'ISS-2026-0001', 'M26010001', 1500, TIMESTAMP '2026-01-22 08:00:00 +09:00', 'PROD', 'DONE', '40', '1000', 'admin', TIMESTAMP '2026-01-22 08:00:00 +09:00');

INSERT INTO MAT_ISSUES (ID, ISSUE_NO, MAT_UID, ISSUE_QTY, ISSUE_DATE, ISSUE_TYPE, STATUS, COMPANY, PLANT_CD, CREATED_BY, CREATED_AT)
VALUES (SEQ_MAT_ISSUES.NEXTVAL, 'ISS-2026-0002', 'M26010002', 800, TIMESTAMP '2026-01-22 08:30:00 +09:00', 'PROD', 'DONE', '40', '1000', 'admin', TIMESTAMP '2026-01-22 08:30:00 +09:00');

INSERT INTO MAT_ISSUES (ID, ISSUE_NO, MAT_UID, ISSUE_QTY, ISSUE_DATE, ISSUE_TYPE, STATUS, COMPANY, PLANT_CD, CREATED_BY, CREATED_AT)
VALUES (SEQ_MAT_ISSUES.NEXTVAL, 'ISS-2026-0003', 'M26010003', 400, TIMESTAMP '2026-01-23 09:00:00 +09:00', 'PROD', 'DONE', '40', '1000', 'admin', TIMESTAMP '2026-01-23 09:00:00 +09:00');

INSERT INTO MAT_ISSUES (ID, ISSUE_NO, MAT_UID, ISSUE_QTY, ISSUE_DATE, ISSUE_TYPE, STATUS, COMPANY, PLANT_CD, CREATED_BY, CREATED_AT)
VALUES (SEQ_MAT_ISSUES.NEXTVAL, 'ISS-2026-0004', 'M26010004', 2500, TIMESTAMP '2026-01-23 09:30:00 +09:00', 'PROD', 'DONE', '40', '1000', 'admin', TIMESTAMP '2026-01-23 09:30:00 +09:00');

INSERT INTO MAT_ISSUES (ID, ISSUE_NO, MAT_UID, ISSUE_QTY, ISSUE_DATE, ISSUE_TYPE, STATUS, COMPANY, PLANT_CD, CREATED_BY, CREATED_AT)
VALUES (SEQ_MAT_ISSUES.NEXTVAL, 'ISS-2026-0005', 'M26010005', 300, TIMESTAMP '2026-01-24 10:00:00 +09:00', 'PROD', 'DONE', '40', '1000', 'admin', TIMESTAMP '2026-01-24 10:00:00 +09:00');

INSERT INTO MAT_ISSUES (ID, ISSUE_NO, MAT_UID, ISSUE_QTY, ISSUE_DATE, ISSUE_TYPE, STATUS, COMPANY, PLANT_CD, CREATED_BY, CREATED_AT)
VALUES (SEQ_MAT_ISSUES.NEXTVAL, 'ISS-2026-0006', 'M26010006', 150, TIMESTAMP '2026-01-24 10:30:00 +09:00', 'PROD', 'DONE', '40', '1000', 'admin', TIMESTAMP '2026-01-24 10:30:00 +09:00');

INSERT INTO MAT_ISSUES (ID, ISSUE_NO, MAT_UID, ISSUE_QTY, ISSUE_DATE, ISSUE_TYPE, STATUS, COMPANY, PLANT_CD, CREATED_BY, CREATED_AT)
VALUES (SEQ_MAT_ISSUES.NEXTVAL, 'ISS-2026-0007', 'M26010007', 1500, TIMESTAMP '2026-01-27 08:00:00 +09:00', 'PROD', 'DONE', '40', '1000', 'admin', TIMESTAMP '2026-01-27 08:00:00 +09:00');

INSERT INTO MAT_ISSUES (ID, ISSUE_NO, MAT_UID, ISSUE_QTY, ISSUE_DATE, ISSUE_TYPE, STATUS, COMPANY, PLANT_CD, CREATED_BY, CREATED_AT)
VALUES (SEQ_MAT_ISSUES.NEXTVAL, 'ISS-2026-0008', 'M26010008', 1000, TIMESTAMP '2026-01-27 08:30:00 +09:00', 'PROD', 'DONE', '40', '1000', 'admin', TIMESTAMP '2026-01-27 08:30:00 +09:00');

INSERT INTO MAT_ISSUES (ID, ISSUE_NO, MAT_UID, ISSUE_QTY, ISSUE_DATE, ISSUE_TYPE, STATUS, COMPANY, PLANT_CD, CREATED_BY, CREATED_AT)
VALUES (SEQ_MAT_ISSUES.NEXTVAL, 'ISS-2026-0009', 'M26010009', 500, TIMESTAMP '2026-01-28 09:00:00 +09:00', 'PROD', 'DONE', '40', '1000', 'admin', TIMESTAMP '2026-01-28 09:00:00 +09:00');

INSERT INTO MAT_ISSUES (ID, ISSUE_NO, MAT_UID, ISSUE_QTY, ISSUE_DATE, ISSUE_TYPE, STATUS, COMPANY, PLANT_CD, CREATED_BY, CREATED_AT)
VALUES (SEQ_MAT_ISSUES.NEXTVAL, 'ISS-2026-0010', 'M26020002', 500, TIMESTAMP '2026-02-05 09:00:00 +09:00', 'PROD', 'DONE', '40', '1000', 'admin', TIMESTAMP '2026-02-05 09:00:00 +09:00');

COMMIT;

-- ========================================
-- 완료 확인
-- ========================================
SELECT 'MAT_ARRIVALS' AS TBL, COUNT(*) AS CNT FROM MAT_ARRIVALS WHERE COMPANY = '40' UNION ALL
SELECT 'IQC_LOGS', COUNT(*) FROM IQC_LOGS WHERE COMPANY = '40' UNION ALL
SELECT 'MAT_RECEIVINGS', COUNT(*) FROM MAT_RECEIVINGS WHERE COMPANY = '40' UNION ALL
SELECT 'MAT_LOTS', COUNT(*) FROM MAT_LOTS WHERE COMPANY = '40' UNION ALL
SELECT 'MAT_STOCKS', COUNT(*) FROM MAT_STOCKS WHERE COMPANY = '40' UNION ALL
SELECT 'STOCK_TRANSACTIONS', COUNT(*) FROM STOCK_TRANSACTIONS WHERE COMPANY = '40' UNION ALL
SELECT 'MAT_ISSUE_REQUESTS', COUNT(*) FROM MAT_ISSUE_REQUESTS WHERE COMPANY = '40' UNION ALL
SELECT 'MAT_ISSUE_REQ_ITEMS', COUNT(*) FROM MAT_ISSUE_REQUEST_ITEMS WHERE COMPANY = '40' UNION ALL
SELECT 'MAT_ISSUES', COUNT(*) FROM MAT_ISSUES WHERE COMPANY = '40';
