BEGIN
-- ============================================================
-- 0. 기존 마스터 데이터 삭제
-- ============================================================
DELETE FROM BOM_MASTERS;
DELETE FROM EQUIP_MASTERS;
DELETE FROM PROD_LINE_MASTERS;
DELETE FROM PROCESS_MASTERS;
DELETE FROM ITEM_MASTERS;
DELETE FROM PARTNER_MASTERS;

-- ============================================================
-- 1. 거래처 (PARTNER_MASTERS)
-- ============================================================
INSERT INTO PARTNER_MASTERS (PARTNER_CODE, PARTNER_NAME, PARTNER_TYPE, BIZ_NO, CEO_NAME, ADDRESS, TEL, EMAIL, CONTACT_PERSON, REMARK, USE_YN, COMPANY, PLANT_CD, CREATED_BY, CREATED_AT, UPDATED_AT)
VALUES ('VND-001', '한국단자공업', 'VENDOR', '123-45-67890', '김대표', '경기도 안산시 단원구', '031-123-4567', 'sales@kterm.co.kr', '이영업', '단자/커넥터 주요 공급사', 'Y', '40', '1000', 'SYSTEM', SYSTIMESTAMP, SYSTIMESTAMP);
INSERT INTO PARTNER_MASTERS (PARTNER_CODE, PARTNER_NAME, PARTNER_TYPE, BIZ_NO, CEO_NAME, ADDRESS, TEL, EMAIL, CONTACT_PERSON, REMARK, USE_YN, COMPANY, PLANT_CD, CREATED_BY, CREATED_AT, UPDATED_AT)
VALUES ('VND-002', '대한전선', 'VENDOR', '234-56-78901', '박사장', '충남 천안시 서북구', '041-234-5678', 'wire@daehan.co.kr', '최영업', '자동차용 전선 공급사', 'Y', '40', '1000', 'SYSTEM', SYSTIMESTAMP, SYSTIMESTAMP);
INSERT INTO PARTNER_MASTERS (PARTNER_CODE, PARTNER_NAME, PARTNER_TYPE, BIZ_NO, CEO_NAME, ADDRESS, TEL, EMAIL, CONTACT_PERSON, REMARK, USE_YN, COMPANY, PLANT_CD, CREATED_BY, CREATED_AT, UPDATED_AT)
VALUES ('VND-003', '삼화부자재', 'VENDOR', '345-67-89012', '정대표', '경기도 화성시 팔탄면', '031-345-6789', 'info@samhwa.co.kr', '한구매', '보호재/부자재 공급사', 'Y', '40', '1000', 'SYSTEM', SYSTIMESTAMP, SYSTIMESTAMP);
INSERT INTO PARTNER_MASTERS (PARTNER_CODE, PARTNER_NAME, PARTNER_TYPE, BIZ_NO, CEO_NAME, ADDRESS, TEL, EMAIL, CONTACT_PERSON, REMARK, USE_YN, COMPANY, PLANT_CD, CREATED_BY, CREATED_AT, UPDATED_AT)
VALUES ('CUS-001', '현대자동차', 'CUSTOMER', '101-81-12345', '정의선', '서울시 서초구 헌릉로 12', '02-3464-1114', 'purchase@hyundai.com', '강바이어', '주요 납품 고객사', 'Y', '40', '1000', 'SYSTEM', SYSTIMESTAMP, SYSTIMESTAMP);
INSERT INTO PARTNER_MASTERS (PARTNER_CODE, PARTNER_NAME, PARTNER_TYPE, BIZ_NO, CEO_NAME, ADDRESS, TEL, EMAIL, CONTACT_PERSON, REMARK, USE_YN, COMPANY, PLANT_CD, CREATED_BY, CREATED_AT, UPDATED_AT)
VALUES ('CUS-002', '기아자동차', 'CUSTOMER', '101-81-23456', '송호성', '서울시 서초구 헌릉로 12', '02-3464-2234', 'scm@kia.com', '윤구매', '납품 고객사', 'Y', '40', '1000', 'SYSTEM', SYSTIMESTAMP, SYSTIMESTAMP);

-- ============================================================
-- 2. 공정 (PROCESS_MASTERS)
-- ============================================================
INSERT INTO PROCESS_MASTERS (PROCESS_CODE, PROCESS_NAME, PROCESS_TYPE, PROCESS_CATEGORY, SORT_ORDER, REMARK, USE_YN, COMPANY, PLANT_CD, CREATED_BY, CREATED_AT, UPDATED_AT)
VALUES ('PRC-CUT', '절단', 'PRODUCTION', 'CUTTING', 10, '전선 자동절단 공정', 'Y', '40', '1000', 'SYSTEM', SYSTIMESTAMP, SYSTIMESTAMP);
INSERT INTO PROCESS_MASTERS (PROCESS_CODE, PROCESS_NAME, PROCESS_TYPE, PROCESS_CATEGORY, SORT_ORDER, REMARK, USE_YN, COMPANY, PLANT_CD, CREATED_BY, CREATED_AT, UPDATED_AT)
VALUES ('PRC-STRIP', '탈피', 'PRODUCTION', 'CUTTING', 20, '전선 피복 탈피 공정', 'Y', '40', '1000', 'SYSTEM', SYSTIMESTAMP, SYSTIMESTAMP);
INSERT INTO PROCESS_MASTERS (PROCESS_CODE, PROCESS_NAME, PROCESS_TYPE, PROCESS_CATEGORY, SORT_ORDER, REMARK, USE_YN, COMPANY, PLANT_CD, CREATED_BY, CREATED_AT, UPDATED_AT)
VALUES ('PRC-CRIMP', '압착', 'PRODUCTION', 'CRIMPING', 30, '단자 압착 공정', 'Y', '40', '1000', 'SYSTEM', SYSTIMESTAMP, SYSTIMESTAMP);
INSERT INTO PROCESS_MASTERS (PROCESS_CODE, PROCESS_NAME, PROCESS_TYPE, PROCESS_CATEGORY, SORT_ORDER, REMARK, USE_YN, COMPANY, PLANT_CD, CREATED_BY, CREATED_AT, UPDATED_AT)
VALUES ('PRC-PRESUB', '선조립', 'PRODUCTION', 'ASSEMBLY', 40, '서브 하네스 선조립 공정', 'Y', '40', '1000', 'SYSTEM', SYSTIMESTAMP, SYSTIMESTAMP);
INSERT INTO PROCESS_MASTERS (PROCESS_CODE, PROCESS_NAME, PROCESS_TYPE, PROCESS_CATEGORY, SORT_ORDER, REMARK, USE_YN, COMPANY, PLANT_CD, CREATED_BY, CREATED_AT, UPDATED_AT)
VALUES ('PRC-ASSY', '조립', 'PRODUCTION', 'ASSEMBLY', 50, '메인보드 조립 공정', 'Y', '40', '1000', 'SYSTEM', SYSTIMESTAMP, SYSTIMESTAMP);
INSERT INTO PROCESS_MASTERS (PROCESS_CODE, PROCESS_NAME, PROCESS_TYPE, PROCESS_CATEGORY, SORT_ORDER, REMARK, USE_YN, COMPANY, PLANT_CD, CREATED_BY, CREATED_AT, UPDATED_AT)
VALUES ('PRC-TAPE', '테이핑', 'PRODUCTION', 'TAPING', 60, '테이프 감기 공정', 'Y', '40', '1000', 'SYSTEM', SYSTIMESTAMP, SYSTIMESTAMP);
INSERT INTO PROCESS_MASTERS (PROCESS_CODE, PROCESS_NAME, PROCESS_TYPE, PROCESS_CATEGORY, SORT_ORDER, REMARK, USE_YN, COMPANY, PLANT_CD, CREATED_BY, CREATED_AT, UPDATED_AT)
VALUES ('PRC-TEST', '검사', 'INSPECTION', 'TESTING', 70, '도통/외관 검사 공정', 'Y', '40', '1000', 'SYSTEM', SYSTIMESTAMP, SYSTIMESTAMP);
INSERT INTO PROCESS_MASTERS (PROCESS_CODE, PROCESS_NAME, PROCESS_TYPE, PROCESS_CATEGORY, SORT_ORDER, REMARK, USE_YN, COMPANY, PLANT_CD, CREATED_BY, CREATED_AT, UPDATED_AT)
VALUES ('PRC-PACK', '포장', 'PRODUCTION', 'PACKING', 80, '완제품 포장 공정', 'Y', '40', '1000', 'SYSTEM', SYSTIMESTAMP, SYSTIMESTAMP);

-- ============================================================
-- 3. 생산라인 (PROD_LINE_MASTERS)
-- ============================================================
INSERT INTO PROD_LINE_MASTERS (LINE_CODE, LINE_NAME, LINE_TYPE, OPER, REMARK, USE_YN, COMPANY, PLANT_CD, CREATED_BY, CREATED_AT, UPDATED_AT)
VALUES ('LINE-01', '절단라인', 'CUTTING', 'PRC-CUT', '전선 자동절단/탈피 라인', 'Y', '40', '1000', 'SYSTEM', SYSTIMESTAMP, SYSTIMESTAMP);
INSERT INTO PROD_LINE_MASTERS (LINE_CODE, LINE_NAME, LINE_TYPE, OPER, REMARK, USE_YN, COMPANY, PLANT_CD, CREATED_BY, CREATED_AT, UPDATED_AT)
VALUES ('LINE-02', '압착라인', 'CRIMPING', 'PRC-CRIMP', '단자 압착 전용 라인', 'Y', '40', '1000', 'SYSTEM', SYSTIMESTAMP, SYSTIMESTAMP);
INSERT INTO PROD_LINE_MASTERS (LINE_CODE, LINE_NAME, LINE_TYPE, OPER, REMARK, USE_YN, COMPANY, PLANT_CD, CREATED_BY, CREATED_AT, UPDATED_AT)
VALUES ('LINE-03', '선조립라인A', 'ASSEMBLY', 'PRC-PRESUB', '서브 하네스 선조립 라인', 'Y', '40', '1000', 'SYSTEM', SYSTIMESTAMP, SYSTIMESTAMP);
INSERT INTO PROD_LINE_MASTERS (LINE_CODE, LINE_NAME, LINE_TYPE, OPER, REMARK, USE_YN, COMPANY, PLANT_CD, CREATED_BY, CREATED_AT, UPDATED_AT)
VALUES ('LINE-04', '조립라인A', 'ASSEMBLY', 'PRC-ASSY', '메인 하네스 조립 라인', 'Y', '40', '1000', 'SYSTEM', SYSTIMESTAMP, SYSTIMESTAMP);
INSERT INTO PROD_LINE_MASTERS (LINE_CODE, LINE_NAME, LINE_TYPE, OPER, REMARK, USE_YN, COMPANY, PLANT_CD, CREATED_BY, CREATED_AT, UPDATED_AT)
VALUES ('LINE-05', '검사포장라인', 'TESTING', 'PRC-TEST', '도통검사 및 포장 라인', 'Y', '40', '1000', 'SYSTEM', SYSTIMESTAMP, SYSTIMESTAMP);

-- ============================================================
-- 4. 설비 (EQUIP_MASTERS)
-- ============================================================
INSERT INTO EQUIP_MASTERS (EQUIP_CODE, EQUIP_NAME, EQUIP_TYPE, MODEL_NAME, MAKER, LINE_CODE, PROCESS_CODE, INSTALL_DATE, STATUS, USE_YN, COMPANY, PLANT_CD, CREATED_BY, CREATED_AT, UPDATED_AT)
VALUES ('EQ-CUT-01', '자동절단기 #1', 'CUT_MACHINE', 'CS-9800', 'Komax', 'LINE-01', 'PRC-CUT', DATE '2023-03-15', 'ACTIVE', 'Y', '40', '1000', 'SYSTEM', SYSTIMESTAMP, SYSTIMESTAMP);
INSERT INTO EQUIP_MASTERS (EQUIP_CODE, EQUIP_NAME, EQUIP_TYPE, MODEL_NAME, MAKER, LINE_CODE, PROCESS_CODE, INSTALL_DATE, STATUS, USE_YN, COMPANY, PLANT_CD, CREATED_BY, CREATED_AT, UPDATED_AT)
VALUES ('EQ-CUT-02', '자동절단기 #2', 'CUT_MACHINE', 'CS-9800', 'Komax', 'LINE-01', 'PRC-CUT', DATE '2023-06-20', 'ACTIVE', 'Y', '40', '1000', 'SYSTEM', SYSTIMESTAMP, SYSTIMESTAMP);
INSERT INTO EQUIP_MASTERS (EQUIP_CODE, EQUIP_NAME, EQUIP_TYPE, MODEL_NAME, MAKER, LINE_CODE, PROCESS_CODE, INSTALL_DATE, STATUS, USE_YN, COMPANY, PLANT_CD, CREATED_BY, CREATED_AT, UPDATED_AT)
VALUES ('EQ-STRIP-01', '자동탈피기 #1', 'STRIP_MACHINE', 'SP-5000', 'Schleuniger', 'LINE-01', 'PRC-STRIP', DATE '2023-03-15', 'ACTIVE', 'Y', '40', '1000', 'SYSTEM', SYSTIMESTAMP, SYSTIMESTAMP);
INSERT INTO EQUIP_MASTERS (EQUIP_CODE, EQUIP_NAME, EQUIP_TYPE, MODEL_NAME, MAKER, LINE_CODE, PROCESS_CODE, INSTALL_DATE, STATUS, USE_YN, COMPANY, PLANT_CD, CREATED_BY, CREATED_AT, UPDATED_AT)
VALUES ('EQ-CRIMP-01', '자동압착기 #1', 'CRIMP_MACHINE', 'CP-3500A', 'JST', 'LINE-02', 'PRC-CRIMP', DATE '2023-04-10', 'ACTIVE', 'Y', '40', '1000', 'SYSTEM', SYSTIMESTAMP, SYSTIMESTAMP);
INSERT INTO EQUIP_MASTERS (EQUIP_CODE, EQUIP_NAME, EQUIP_TYPE, MODEL_NAME, MAKER, LINE_CODE, PROCESS_CODE, INSTALL_DATE, STATUS, USE_YN, COMPANY, PLANT_CD, CREATED_BY, CREATED_AT, UPDATED_AT)
VALUES ('EQ-CRIMP-02', '자동압착기 #2', 'CRIMP_MACHINE', 'CP-3500A', 'JST', 'LINE-02', 'PRC-CRIMP', DATE '2023-04-10', 'ACTIVE', 'Y', '40', '1000', 'SYSTEM', SYSTIMESTAMP, SYSTIMESTAMP);
INSERT INTO EQUIP_MASTERS (EQUIP_CODE, EQUIP_NAME, EQUIP_TYPE, MODEL_NAME, MAKER, LINE_CODE, PROCESS_CODE, INSTALL_DATE, STATUS, USE_YN, COMPANY, PLANT_CD, CREATED_BY, CREATED_AT, UPDATED_AT)
VALUES ('EQ-CRIMP-03', '반자동압착기 #1', 'CRIMP_MACHINE', 'HCP-200', '한국정밀', 'LINE-02', 'PRC-CRIMP', DATE '2024-01-15', 'ACTIVE', 'Y', '40', '1000', 'SYSTEM', SYSTIMESTAMP, SYSTIMESTAMP);
INSERT INTO EQUIP_MASTERS (EQUIP_CODE, EQUIP_NAME, EQUIP_TYPE, MODEL_NAME, MAKER, LINE_CODE, PROCESS_CODE, INSTALL_DATE, STATUS, USE_YN, COMPANY, PLANT_CD, CREATED_BY, CREATED_AT, UPDATED_AT)
VALUES ('EQ-TEST-01', '도통검사기 #1', 'TEST_MACHINE', 'CT-8000', 'Cirris', 'LINE-05', 'PRC-TEST', DATE '2023-05-01', 'ACTIVE', 'Y', '40', '1000', 'SYSTEM', SYSTIMESTAMP, SYSTIMESTAMP);
INSERT INTO EQUIP_MASTERS (EQUIP_CODE, EQUIP_NAME, EQUIP_TYPE, MODEL_NAME, MAKER, LINE_CODE, PROCESS_CODE, INSTALL_DATE, STATUS, USE_YN, COMPANY, PLANT_CD, CREATED_BY, CREATED_AT, UPDATED_AT)
VALUES ('EQ-TEST-02', '도통검사기 #2', 'TEST_MACHINE', 'CT-8000', 'Cirris', 'LINE-05', 'PRC-TEST', DATE '2024-02-01', 'ACTIVE', 'Y', '40', '1000', 'SYSTEM', SYSTIMESTAMP, SYSTIMESTAMP);

-- ============================================================
-- 5. 품목 (ITEM_MASTERS)
-- ============================================================
-- FG (완제품)
INSERT INTO ITEM_MASTERS (ITEM_CODE, ITEM_NAME, PART_NO, CUST_PART_NO, ITEM_TYPE, PRODUCT_TYPE, SPEC, UNIT, CUSTOMER, LEAD_TIME, SAFETY_STOCK, LOT_UNIT_QTY, BOX_QTY, IQC_FLAG, TACT_TIME, REMARKS, USE_YN, COMPANY, PLANT_CD, CREATED_BY, CREATED_AT, UPDATED_AT)
VALUES ('FG-EH-001', '엔진룸 하네스 Assy', '91200-AB100', 'HMC-EH-91200', 'FG', 'HARNESS', '엔진룸용 메인 와이어링 하네스 12V', 'EA', 'CUS-001', 3, 100, 50, 10, 'N', 45, '현대 NE 엔진룸 전용', 'Y', '40', '1000', 'SYSTEM', SYSTIMESTAMP, SYSTIMESTAMP);
INSERT INTO ITEM_MASTERS (ITEM_CODE, ITEM_NAME, PART_NO, CUST_PART_NO, ITEM_TYPE, PRODUCT_TYPE, SPEC, UNIT, CUSTOMER, LEAD_TIME, SAFETY_STOCK, LOT_UNIT_QTY, BOX_QTY, IQC_FLAG, TACT_TIME, REMARKS, USE_YN, COMPANY, PLANT_CD, CREATED_BY, CREATED_AT, UPDATED_AT)
VALUES ('FG-DH-001', '도어 하네스 Assy', '91400-CD200', 'HMC-DH-91400', 'FG', 'HARNESS', '운전석 도어 와이어링 하네스 12V', 'EA', 'CUS-001', 2, 200, 100, 20, 'N', 30, '현대 NE 도어 전용', 'Y', '40', '1000', 'SYSTEM', SYSTIMESTAMP, SYSTIMESTAMP);

-- WIP (반제품)
INSERT INTO ITEM_MASTERS (ITEM_CODE, ITEM_NAME, PART_NO, ITEM_TYPE, PRODUCT_TYPE, SPEC, UNIT, TACT_TIME, REMARKS, USE_YN, COMPANY, PLANT_CD, CREATED_BY, CREATED_AT, UPDATED_AT)
VALUES ('WIP-EH-SUB1', '엔진룸 메인 서브Assy', 'SUB-EH-MAIN', 'WIP', 'SUB_ASSY', '파워/접지 회로 서브 하네스', 'EA', 20, '메인 전원 회로 서브', 'Y', '40', '1000', 'SYSTEM', SYSTIMESTAMP, SYSTIMESTAMP);
INSERT INTO ITEM_MASTERS (ITEM_CODE, ITEM_NAME, PART_NO, ITEM_TYPE, PRODUCT_TYPE, SPEC, UNIT, TACT_TIME, REMARKS, USE_YN, COMPANY, PLANT_CD, CREATED_BY, CREATED_AT, UPDATED_AT)
VALUES ('WIP-EH-SUB2', '엔진룸 센서 서브Assy', 'SUB-EH-SENSOR', 'WIP', 'SUB_ASSY', '센서 신호 회로 서브 하네스', 'EA', 15, '센서 신호 회로 서브', 'Y', '40', '1000', 'SYSTEM', SYSTIMESTAMP, SYSTIMESTAMP);
INSERT INTO ITEM_MASTERS (ITEM_CODE, ITEM_NAME, PART_NO, ITEM_TYPE, PRODUCT_TYPE, SPEC, UNIT, TACT_TIME, REMARKS, USE_YN, COMPANY, PLANT_CD, CREATED_BY, CREATED_AT, UPDATED_AT)
VALUES ('WIP-DH-SUB1', '도어 메인 서브Assy', 'SUB-DH-MAIN', 'WIP', 'SUB_ASSY', '도어 윈도우/잠금 회로 서브', 'EA', 15, '도어 전장 회로 서브', 'Y', '40', '1000', 'SYSTEM', SYSTIMESTAMP, SYSTIMESTAMP);

-- RAW - 전선
INSERT INTO ITEM_MASTERS (ITEM_CODE, ITEM_NAME, PART_NO, ITEM_TYPE, SPEC, UNIT, VENDOR, LEAD_TIME, SAFETY_STOCK, LOT_UNIT_QTY, IQC_FLAG, IS_SPLITTABLE, REMARKS, USE_YN, COMPANY, PLANT_CD, CREATED_BY, CREATED_AT, UPDATED_AT)
VALUES ('RAW-W-001', 'AVS 0.5sq 흑색 전선', 'AVS-050-BK', 'RAW', 'AVS 0.5mm2 흑색 내열105도', 'M', 'VND-002', 7, 500, 1000, 'Y', 'Y', '신호선용 표준 전선', 'Y', '40', '1000', 'SYSTEM', SYSTIMESTAMP, SYSTIMESTAMP);
INSERT INTO ITEM_MASTERS (ITEM_CODE, ITEM_NAME, PART_NO, ITEM_TYPE, SPEC, UNIT, VENDOR, LEAD_TIME, SAFETY_STOCK, LOT_UNIT_QTY, IQC_FLAG, IS_SPLITTABLE, REMARKS, USE_YN, COMPANY, PLANT_CD, CREATED_BY, CREATED_AT, UPDATED_AT)
VALUES ('RAW-W-002', 'AVS 0.85sq 적색 전선', 'AVS-085-RD', 'RAW', 'AVS 0.85mm2 적색 내열105도', 'M', 'VND-002', 7, 500, 1000, 'Y', 'Y', '전원선용 표준 전선', 'Y', '40', '1000', 'SYSTEM', SYSTIMESTAMP, SYSTIMESTAMP);
INSERT INTO ITEM_MASTERS (ITEM_CODE, ITEM_NAME, PART_NO, ITEM_TYPE, SPEC, UNIT, VENDOR, LEAD_TIME, SAFETY_STOCK, LOT_UNIT_QTY, IQC_FLAG, IS_SPLITTABLE, REMARKS, USE_YN, COMPANY, PLANT_CD, CREATED_BY, CREATED_AT, UPDATED_AT)
VALUES ('RAW-W-003', 'AVS 1.25sq 청색 전선', 'AVS-125-BL', 'RAW', 'AVS 1.25mm2 청색 내열105도', 'M', 'VND-002', 7, 300, 500, 'Y', 'Y', '중전류용 전선', 'Y', '40', '1000', 'SYSTEM', SYSTIMESTAMP, SYSTIMESTAMP);
INSERT INTO ITEM_MASTERS (ITEM_CODE, ITEM_NAME, PART_NO, ITEM_TYPE, SPEC, UNIT, VENDOR, LEAD_TIME, SAFETY_STOCK, LOT_UNIT_QTY, IQC_FLAG, IS_SPLITTABLE, REMARKS, USE_YN, COMPANY, PLANT_CD, CREATED_BY, CREATED_AT, UPDATED_AT)
VALUES ('RAW-W-004', 'AVS 2.0sq 황색 전선', 'AVS-200-YL', 'RAW', 'AVS 2.0mm2 황색 내열105도', 'M', 'VND-002', 7, 200, 500, 'Y', 'Y', '대전류/접지용 전선', 'Y', '40', '1000', 'SYSTEM', SYSTIMESTAMP, SYSTIMESTAMP);
INSERT INTO ITEM_MASTERS (ITEM_CODE, ITEM_NAME, PART_NO, ITEM_TYPE, SPEC, UNIT, VENDOR, LEAD_TIME, SAFETY_STOCK, LOT_UNIT_QTY, IQC_FLAG, IS_SPLITTABLE, REMARKS, USE_YN, COMPANY, PLANT_CD, CREATED_BY, CREATED_AT, UPDATED_AT)
VALUES ('RAW-W-005', 'AVSS 0.5sq 백색 전선', 'AVSS-050-WH', 'RAW', 'AVSS 0.5mm2 백색 박육내열', 'M', 'VND-002', 7, 300, 1000, 'Y', 'Y', '박육 신호선용 전선', 'Y', '40', '1000', 'SYSTEM', SYSTIMESTAMP, SYSTIMESTAMP);

-- RAW - 단자
INSERT INTO ITEM_MASTERS (ITEM_CODE, ITEM_NAME, PART_NO, ITEM_TYPE, SPEC, UNIT, VENDOR, LEAD_TIME, SAFETY_STOCK, LOT_UNIT_QTY, BOX_QTY, IQC_FLAG, REMARKS, USE_YN, COMPANY, PLANT_CD, CREATED_BY, CREATED_AT, UPDATED_AT)
VALUES ('RAW-T-001', '090형 암단자', 'T090-F-025', 'RAW', '090 Female 0.5-0.85sq용 주석도금', 'EA', 'VND-001', 14, 5000, 10000, 5000, 'Y', '소형 커넥터용 암단자', 'Y', '40', '1000', 'SYSTEM', SYSTIMESTAMP, SYSTIMESTAMP);
INSERT INTO ITEM_MASTERS (ITEM_CODE, ITEM_NAME, PART_NO, ITEM_TYPE, SPEC, UNIT, VENDOR, LEAD_TIME, SAFETY_STOCK, LOT_UNIT_QTY, BOX_QTY, IQC_FLAG, REMARKS, USE_YN, COMPANY, PLANT_CD, CREATED_BY, CREATED_AT, UPDATED_AT)
VALUES ('RAW-T-002', '090형 수단자', 'T090-M-025', 'RAW', '090 Male 0.5-0.85sq용 주석도금', 'EA', 'VND-001', 14, 5000, 10000, 5000, 'Y', '소형 커넥터용 수단자', 'Y', '40', '1000', 'SYSTEM', SYSTIMESTAMP, SYSTIMESTAMP);
INSERT INTO ITEM_MASTERS (ITEM_CODE, ITEM_NAME, PART_NO, ITEM_TYPE, SPEC, UNIT, VENDOR, LEAD_TIME, SAFETY_STOCK, LOT_UNIT_QTY, BOX_QTY, IQC_FLAG, REMARKS, USE_YN, COMPANY, PLANT_CD, CREATED_BY, CREATED_AT, UPDATED_AT)
VALUES ('RAW-T-003', '250형 암단자', 'T250-F-050', 'RAW', '250 Female 1.25-2.0sq용 주석도금', 'EA', 'VND-001', 14, 3000, 5000, 2500, 'Y', '중형 커넥터용 암단자', 'Y', '40', '1000', 'SYSTEM', SYSTIMESTAMP, SYSTIMESTAMP);
INSERT INTO ITEM_MASTERS (ITEM_CODE, ITEM_NAME, PART_NO, ITEM_TYPE, SPEC, UNIT, VENDOR, LEAD_TIME, SAFETY_STOCK, LOT_UNIT_QTY, BOX_QTY, IQC_FLAG, REMARKS, USE_YN, COMPANY, PLANT_CD, CREATED_BY, CREATED_AT, UPDATED_AT)
VALUES ('RAW-T-004', '250형 수단자', 'T250-M-050', 'RAW', '250 Male 1.25-2.0sq용 주석도금', 'EA', 'VND-001', 14, 3000, 5000, 2500, 'Y', '중형 커넥터용 수단자', 'Y', '40', '1000', 'SYSTEM', SYSTIMESTAMP, SYSTIMESTAMP);
INSERT INTO ITEM_MASTERS (ITEM_CODE, ITEM_NAME, PART_NO, ITEM_TYPE, SPEC, UNIT, VENDOR, LEAD_TIME, SAFETY_STOCK, LOT_UNIT_QTY, BOX_QTY, IQC_FLAG, REMARKS, USE_YN, COMPANY, PLANT_CD, CREATED_BY, CREATED_AT, UPDATED_AT)
VALUES ('RAW-T-005', '환형단자 M6', 'TRING-M6-200', 'RAW', 'Ring Terminal M6 2.0sq용 금도금', 'EA', 'VND-001', 14, 2000, 5000, 2500, 'Y', '접지/볼트 체결용 환형단자', 'Y', '40', '1000', 'SYSTEM', SYSTIMESTAMP, SYSTIMESTAMP);

-- RAW - 커넥터
INSERT INTO ITEM_MASTERS (ITEM_CODE, ITEM_NAME, PART_NO, ITEM_TYPE, SPEC, UNIT, VENDOR, LEAD_TIME, SAFETY_STOCK, LOT_UNIT_QTY, BOX_QTY, IQC_FLAG, REMARKS, USE_YN, COMPANY, PLANT_CD, CREATED_BY, CREATED_AT, UPDATED_AT)
VALUES ('RAW-C-001', '6P 커넥터 하우징', 'CH-090-6P', 'RAW', '090시리즈 6극 하우징 PA66', 'EA', 'VND-001', 14, 1000, 2000, 500, 'Y', '신호 커넥터용 6극', 'Y', '40', '1000', 'SYSTEM', SYSTIMESTAMP, SYSTIMESTAMP);
INSERT INTO ITEM_MASTERS (ITEM_CODE, ITEM_NAME, PART_NO, ITEM_TYPE, SPEC, UNIT, VENDOR, LEAD_TIME, SAFETY_STOCK, LOT_UNIT_QTY, BOX_QTY, IQC_FLAG, REMARKS, USE_YN, COMPANY, PLANT_CD, CREATED_BY, CREATED_AT, UPDATED_AT)
VALUES ('RAW-C-002', '10P 커넥터 하우징', 'CH-250-10P', 'RAW', '250시리즈 10극 하우징 PA66', 'EA', 'VND-001', 14, 500, 1000, 250, 'Y', '전원 커넥터용 10극', 'Y', '40', '1000', 'SYSTEM', SYSTIMESTAMP, SYSTIMESTAMP);
INSERT INTO ITEM_MASTERS (ITEM_CODE, ITEM_NAME, PART_NO, ITEM_TYPE, SPEC, UNIT, VENDOR, LEAD_TIME, SAFETY_STOCK, LOT_UNIT_QTY, BOX_QTY, IQC_FLAG, REMARKS, USE_YN, COMPANY, PLANT_CD, CREATED_BY, CREATED_AT, UPDATED_AT)
VALUES ('RAW-C-003', '4P 커넥터 하우징', 'CH-090-4P', 'RAW', '090시리즈 4극 하우징 PA66', 'EA', 'VND-001', 14, 1500, 3000, 500, 'Y', '도어 커넥터용 4극', 'Y', '40', '1000', 'SYSTEM', SYSTIMESTAMP, SYSTIMESTAMP);
INSERT INTO ITEM_MASTERS (ITEM_CODE, ITEM_NAME, PART_NO, ITEM_TYPE, SPEC, UNIT, VENDOR, LEAD_TIME, SAFETY_STOCK, LOT_UNIT_QTY, BOX_QTY, IQC_FLAG, REMARKS, USE_YN, COMPANY, PLANT_CD, CREATED_BY, CREATED_AT, UPDATED_AT)
VALUES ('RAW-C-004', '2P 방수커넥터', 'CH-WP-2P', 'RAW', '2극 방수커넥터 IP67 PBT', 'EA', 'VND-001', 21, 500, 1000, 250, 'Y', '엔진룸 방수 커넥터', 'Y', '40', '1000', 'SYSTEM', SYSTIMESTAMP, SYSTIMESTAMP);

-- RAW - 보호재/부자재
INSERT INTO ITEM_MASTERS (ITEM_CODE, ITEM_NAME, PART_NO, ITEM_TYPE, SPEC, UNIT, VENDOR, LEAD_TIME, SAFETY_STOCK, LOT_UNIT_QTY, IQC_FLAG, IS_SPLITTABLE, REMARKS, USE_YN, COMPANY, PLANT_CD, CREATED_BY, CREATED_AT, UPDATED_AT)
VALUES ('RAW-P-001', '코루게이트 튜브 10mm', 'CT-10-BK', 'RAW', '내경10mm PA6 흑색 내열120도', 'M', 'VND-003', 10, 200, 500, 'N', 'Y', '전선 보호용 주름관', 'Y', '40', '1000', 'SYSTEM', SYSTIMESTAMP, SYSTIMESTAMP);
INSERT INTO ITEM_MASTERS (ITEM_CODE, ITEM_NAME, PART_NO, ITEM_TYPE, SPEC, UNIT, VENDOR, LEAD_TIME, SAFETY_STOCK, LOT_UNIT_QTY, IQC_FLAG, REMARKS, USE_YN, COMPANY, PLANT_CD, CREATED_BY, CREATED_AT, UPDATED_AT)
VALUES ('RAW-P-002', '비닐테이프 19mm', 'VT-19-BK', 'RAW', '19mm x 20M 흑색 내열80도', 'ROLL', 'VND-003', 10, 100, 200, 'N', '전선 묶음 테이핑용', 'Y', '40', '1000', 'SYSTEM', SYSTIMESTAMP, SYSTIMESTAMP);
INSERT INTO ITEM_MASTERS (ITEM_CODE, ITEM_NAME, PART_NO, ITEM_TYPE, SPEC, UNIT, VENDOR, LEAD_TIME, SAFETY_STOCK, LOT_UNIT_QTY, IQC_FLAG, REMARKS, USE_YN, COMPANY, PLANT_CD, CREATED_BY, CREATED_AT, UPDATED_AT)
VALUES ('RAW-P-003', '와이어프로텍터', 'WP-ENG-01', 'RAW', '엔진룸용 와이어프로텍터 PP', 'EA', 'VND-003', 14, 300, 500, 'N', '엔진룸 마찰 방지', 'Y', '40', '1000', 'SYSTEM', SYSTIMESTAMP, SYSTIMESTAMP);
INSERT INTO ITEM_MASTERS (ITEM_CODE, ITEM_NAME, PART_NO, ITEM_TYPE, SPEC, UNIT, VENDOR, LEAD_TIME, SAFETY_STOCK, LOT_UNIT_QTY, IQC_FLAG, REMARKS, USE_YN, COMPANY, PLANT_CD, CREATED_BY, CREATED_AT, UPDATED_AT)
VALUES ('RAW-P-004', '클립', 'CLP-STD-01', 'RAW', '표준 와이어 클립 PA66 흑색', 'EA', 'VND-003', 10, 2000, 5000, 'N', '차체 고정용 표준 클립', 'Y', '40', '1000', 'SYSTEM', SYSTIMESTAMP, SYSTIMESTAMP);
INSERT INTO ITEM_MASTERS (ITEM_CODE, ITEM_NAME, PART_NO, ITEM_TYPE, SPEC, UNIT, VENDOR, LEAD_TIME, SAFETY_STOCK, LOT_UNIT_QTY, IQC_FLAG, REMARKS, USE_YN, COMPANY, PLANT_CD, CREATED_BY, CREATED_AT, UPDATED_AT)
VALUES ('RAW-P-005', '그로밋', 'GRM-FW-01', 'RAW', '방화벽 관통 그로밋 EPDM 내경25mm', 'EA', 'VND-003', 14, 200, 500, 'N', '방화벽 관통 방수/방진용', 'Y', '40', '1000', 'SYSTEM', SYSTIMESTAMP, SYSTIMESTAMP);

-- ============================================================
-- 6. BOM (BOM_MASTERS)
-- ============================================================
-- Model A: 엔진룸 하네스 (FG-EH-001) Level 1
INSERT INTO BOM_MASTERS (PARENT_ITEM_CODE, CHILD_ITEM_CODE, QTY_PER, SEQ, REVISION, BOM_GRP, OPER, SIDE, VALID_FROM, USE_YN, COMPANY, PLANT_CD, CREATED_BY, CREATED_AT, UPDATED_AT)
VALUES ('FG-EH-001', 'WIP-EH-SUB1', 1, 10, 'A', 'FG-EH-001', 'PRC-PRESUB', NULL, DATE '2025-01-01', 'Y', '40', '1000', 'SYSTEM', SYSTIMESTAMP, SYSTIMESTAMP);
INSERT INTO BOM_MASTERS (PARENT_ITEM_CODE, CHILD_ITEM_CODE, QTY_PER, SEQ, REVISION, BOM_GRP, OPER, SIDE, VALID_FROM, USE_YN, COMPANY, PLANT_CD, CREATED_BY, CREATED_AT, UPDATED_AT)
VALUES ('FG-EH-001', 'WIP-EH-SUB2', 1, 20, 'A', 'FG-EH-001', 'PRC-PRESUB', NULL, DATE '2025-01-01', 'Y', '40', '1000', 'SYSTEM', SYSTIMESTAMP, SYSTIMESTAMP);
INSERT INTO BOM_MASTERS (PARENT_ITEM_CODE, CHILD_ITEM_CODE, QTY_PER, SEQ, REVISION, BOM_GRP, OPER, VALID_FROM, USE_YN, COMPANY, PLANT_CD, CREATED_BY, CREATED_AT, UPDATED_AT)
VALUES ('FG-EH-001', 'RAW-P-001', 2.5, 30, 'A', 'FG-EH-001', 'PRC-ASSY', DATE '2025-01-01', 'Y', '40', '1000', 'SYSTEM', SYSTIMESTAMP, SYSTIMESTAMP);
INSERT INTO BOM_MASTERS (PARENT_ITEM_CODE, CHILD_ITEM_CODE, QTY_PER, SEQ, REVISION, BOM_GRP, OPER, VALID_FROM, USE_YN, COMPANY, PLANT_CD, CREATED_BY, CREATED_AT, UPDATED_AT)
VALUES ('FG-EH-001', 'RAW-P-002', 1, 40, 'A', 'FG-EH-001', 'PRC-TAPE', DATE '2025-01-01', 'Y', '40', '1000', 'SYSTEM', SYSTIMESTAMP, SYSTIMESTAMP);
INSERT INTO BOM_MASTERS (PARENT_ITEM_CODE, CHILD_ITEM_CODE, QTY_PER, SEQ, REVISION, BOM_GRP, OPER, VALID_FROM, USE_YN, COMPANY, PLANT_CD, CREATED_BY, CREATED_AT, UPDATED_AT)
VALUES ('FG-EH-001', 'RAW-P-003', 2, 50, 'A', 'FG-EH-001', 'PRC-ASSY', DATE '2025-01-01', 'Y', '40', '1000', 'SYSTEM', SYSTIMESTAMP, SYSTIMESTAMP);
INSERT INTO BOM_MASTERS (PARENT_ITEM_CODE, CHILD_ITEM_CODE, QTY_PER, SEQ, REVISION, BOM_GRP, OPER, VALID_FROM, USE_YN, COMPANY, PLANT_CD, CREATED_BY, CREATED_AT, UPDATED_AT)
VALUES ('FG-EH-001', 'RAW-P-004', 5, 60, 'A', 'FG-EH-001', 'PRC-ASSY', DATE '2025-01-01', 'Y', '40', '1000', 'SYSTEM', SYSTIMESTAMP, SYSTIMESTAMP);
INSERT INTO BOM_MASTERS (PARENT_ITEM_CODE, CHILD_ITEM_CODE, QTY_PER, SEQ, REVISION, BOM_GRP, OPER, VALID_FROM, USE_YN, COMPANY, PLANT_CD, CREATED_BY, CREATED_AT, UPDATED_AT)
VALUES ('FG-EH-001', 'RAW-P-005', 1, 70, 'A', 'FG-EH-001', 'PRC-ASSY', DATE '2025-01-01', 'Y', '40', '1000', 'SYSTEM', SYSTIMESTAMP, SYSTIMESTAMP);

-- Model A: WIP-EH-SUB1 Level 2
INSERT INTO BOM_MASTERS (PARENT_ITEM_CODE, CHILD_ITEM_CODE, QTY_PER, SEQ, REVISION, BOM_GRP, OPER, VALID_FROM, USE_YN, COMPANY, PLANT_CD, CREATED_BY, CREATED_AT, UPDATED_AT)
VALUES ('WIP-EH-SUB1', 'RAW-W-002', 3.5, 10, 'A', 'WIP-EH-SUB1', 'PRC-CUT', DATE '2025-01-01', 'Y', '40', '1000', 'SYSTEM', SYSTIMESTAMP, SYSTIMESTAMP);
INSERT INTO BOM_MASTERS (PARENT_ITEM_CODE, CHILD_ITEM_CODE, QTY_PER, SEQ, REVISION, BOM_GRP, OPER, VALID_FROM, USE_YN, COMPANY, PLANT_CD, CREATED_BY, CREATED_AT, UPDATED_AT)
VALUES ('WIP-EH-SUB1', 'RAW-W-003', 2.0, 20, 'A', 'WIP-EH-SUB1', 'PRC-CUT', DATE '2025-01-01', 'Y', '40', '1000', 'SYSTEM', SYSTIMESTAMP, SYSTIMESTAMP);
INSERT INTO BOM_MASTERS (PARENT_ITEM_CODE, CHILD_ITEM_CODE, QTY_PER, SEQ, REVISION, BOM_GRP, OPER, VALID_FROM, USE_YN, COMPANY, PLANT_CD, CREATED_BY, CREATED_AT, UPDATED_AT)
VALUES ('WIP-EH-SUB1', 'RAW-W-004', 1.5, 30, 'A', 'WIP-EH-SUB1', 'PRC-CUT', DATE '2025-01-01', 'Y', '40', '1000', 'SYSTEM', SYSTIMESTAMP, SYSTIMESTAMP);
INSERT INTO BOM_MASTERS (PARENT_ITEM_CODE, CHILD_ITEM_CODE, QTY_PER, SEQ, REVISION, BOM_GRP, OPER, VALID_FROM, USE_YN, COMPANY, PLANT_CD, CREATED_BY, CREATED_AT, UPDATED_AT)
VALUES ('WIP-EH-SUB1', 'RAW-T-003', 4, 40, 'A', 'WIP-EH-SUB1', 'PRC-CRIMP', DATE '2025-01-01', 'Y', '40', '1000', 'SYSTEM', SYSTIMESTAMP, SYSTIMESTAMP);
INSERT INTO BOM_MASTERS (PARENT_ITEM_CODE, CHILD_ITEM_CODE, QTY_PER, SEQ, REVISION, BOM_GRP, OPER, VALID_FROM, USE_YN, COMPANY, PLANT_CD, CREATED_BY, CREATED_AT, UPDATED_AT)
VALUES ('WIP-EH-SUB1', 'RAW-T-005', 2, 50, 'A', 'WIP-EH-SUB1', 'PRC-CRIMP', DATE '2025-01-01', 'Y', '40', '1000', 'SYSTEM', SYSTIMESTAMP, SYSTIMESTAMP);
INSERT INTO BOM_MASTERS (PARENT_ITEM_CODE, CHILD_ITEM_CODE, QTY_PER, SEQ, REVISION, BOM_GRP, OPER, VALID_FROM, USE_YN, COMPANY, PLANT_CD, CREATED_BY, CREATED_AT, UPDATED_AT)
VALUES ('WIP-EH-SUB1', 'RAW-C-002', 1, 60, 'A', 'WIP-EH-SUB1', 'PRC-PRESUB', DATE '2025-01-01', 'Y', '40', '1000', 'SYSTEM', SYSTIMESTAMP, SYSTIMESTAMP);

-- Model A: WIP-EH-SUB2 Level 2
INSERT INTO BOM_MASTERS (PARENT_ITEM_CODE, CHILD_ITEM_CODE, QTY_PER, SEQ, REVISION, BOM_GRP, OPER, VALID_FROM, USE_YN, COMPANY, PLANT_CD, CREATED_BY, CREATED_AT, UPDATED_AT)
VALUES ('WIP-EH-SUB2', 'RAW-W-001', 2.0, 10, 'A', 'WIP-EH-SUB2', 'PRC-CUT', DATE '2025-01-01', 'Y', '40', '1000', 'SYSTEM', SYSTIMESTAMP, SYSTIMESTAMP);
INSERT INTO BOM_MASTERS (PARENT_ITEM_CODE, CHILD_ITEM_CODE, QTY_PER, SEQ, REVISION, BOM_GRP, OPER, VALID_FROM, USE_YN, COMPANY, PLANT_CD, CREATED_BY, CREATED_AT, UPDATED_AT)
VALUES ('WIP-EH-SUB2', 'RAW-W-005', 1.5, 20, 'A', 'WIP-EH-SUB2', 'PRC-CUT', DATE '2025-01-01', 'Y', '40', '1000', 'SYSTEM', SYSTIMESTAMP, SYSTIMESTAMP);
INSERT INTO BOM_MASTERS (PARENT_ITEM_CODE, CHILD_ITEM_CODE, QTY_PER, SEQ, REVISION, BOM_GRP, OPER, VALID_FROM, USE_YN, COMPANY, PLANT_CD, CREATED_BY, CREATED_AT, UPDATED_AT)
VALUES ('WIP-EH-SUB2', 'RAW-T-001', 6, 30, 'A', 'WIP-EH-SUB2', 'PRC-CRIMP', DATE '2025-01-01', 'Y', '40', '1000', 'SYSTEM', SYSTIMESTAMP, SYSTIMESTAMP);
INSERT INTO BOM_MASTERS (PARENT_ITEM_CODE, CHILD_ITEM_CODE, QTY_PER, SEQ, REVISION, BOM_GRP, OPER, VALID_FROM, USE_YN, COMPANY, PLANT_CD, CREATED_BY, CREATED_AT, UPDATED_AT)
VALUES ('WIP-EH-SUB2', 'RAW-C-001', 1, 40, 'A', 'WIP-EH-SUB2', 'PRC-PRESUB', DATE '2025-01-01', 'Y', '40', '1000', 'SYSTEM', SYSTIMESTAMP, SYSTIMESTAMP);
INSERT INTO BOM_MASTERS (PARENT_ITEM_CODE, CHILD_ITEM_CODE, QTY_PER, SEQ, REVISION, BOM_GRP, OPER, VALID_FROM, USE_YN, COMPANY, PLANT_CD, CREATED_BY, CREATED_AT, UPDATED_AT)
VALUES ('WIP-EH-SUB2', 'RAW-C-004', 2, 50, 'A', 'WIP-EH-SUB2', 'PRC-PRESUB', DATE '2025-01-01', 'Y', '40', '1000', 'SYSTEM', SYSTIMESTAMP, SYSTIMESTAMP);

-- Model B: 도어 하네스 (FG-DH-001) Level 1
INSERT INTO BOM_MASTERS (PARENT_ITEM_CODE, CHILD_ITEM_CODE, QTY_PER, SEQ, REVISION, BOM_GRP, OPER, SIDE, VALID_FROM, USE_YN, COMPANY, PLANT_CD, CREATED_BY, CREATED_AT, UPDATED_AT)
VALUES ('FG-DH-001', 'WIP-DH-SUB1', 1, 10, 'A', 'FG-DH-001', 'PRC-PRESUB', 'F', DATE '2025-01-01', 'Y', '40', '1000', 'SYSTEM', SYSTIMESTAMP, SYSTIMESTAMP);
INSERT INTO BOM_MASTERS (PARENT_ITEM_CODE, CHILD_ITEM_CODE, QTY_PER, SEQ, REVISION, BOM_GRP, OPER, VALID_FROM, USE_YN, COMPANY, PLANT_CD, CREATED_BY, CREATED_AT, UPDATED_AT)
VALUES ('FG-DH-001', 'RAW-W-005', 1.0, 20, 'A', 'FG-DH-001', 'PRC-CUT', DATE '2025-01-01', 'Y', '40', '1000', 'SYSTEM', SYSTIMESTAMP, SYSTIMESTAMP);
INSERT INTO BOM_MASTERS (PARENT_ITEM_CODE, CHILD_ITEM_CODE, QTY_PER, SEQ, REVISION, BOM_GRP, OPER, VALID_FROM, USE_YN, COMPANY, PLANT_CD, CREATED_BY, CREATED_AT, UPDATED_AT)
VALUES ('FG-DH-001', 'RAW-T-004', 2, 30, 'A', 'FG-DH-001', 'PRC-CRIMP', DATE '2025-01-01', 'Y', '40', '1000', 'SYSTEM', SYSTIMESTAMP, SYSTIMESTAMP);
INSERT INTO BOM_MASTERS (PARENT_ITEM_CODE, CHILD_ITEM_CODE, QTY_PER, SEQ, REVISION, BOM_GRP, OPER, VALID_FROM, USE_YN, COMPANY, PLANT_CD, CREATED_BY, CREATED_AT, UPDATED_AT)
VALUES ('FG-DH-001', 'RAW-C-001', 1, 40, 'A', 'FG-DH-001', 'PRC-ASSY', DATE '2025-01-01', 'Y', '40', '1000', 'SYSTEM', SYSTIMESTAMP, SYSTIMESTAMP);
INSERT INTO BOM_MASTERS (PARENT_ITEM_CODE, CHILD_ITEM_CODE, QTY_PER, SEQ, REVISION, BOM_GRP, OPER, VALID_FROM, USE_YN, COMPANY, PLANT_CD, CREATED_BY, CREATED_AT, UPDATED_AT)
VALUES ('FG-DH-001', 'RAW-P-001', 1.5, 50, 'A', 'FG-DH-001', 'PRC-ASSY', DATE '2025-01-01', 'Y', '40', '1000', 'SYSTEM', SYSTIMESTAMP, SYSTIMESTAMP);
INSERT INTO BOM_MASTERS (PARENT_ITEM_CODE, CHILD_ITEM_CODE, QTY_PER, SEQ, REVISION, BOM_GRP, OPER, VALID_FROM, USE_YN, COMPANY, PLANT_CD, CREATED_BY, CREATED_AT, UPDATED_AT)
VALUES ('FG-DH-001', 'RAW-P-002', 1, 60, 'A', 'FG-DH-001', 'PRC-TAPE', DATE '2025-01-01', 'Y', '40', '1000', 'SYSTEM', SYSTIMESTAMP, SYSTIMESTAMP);
INSERT INTO BOM_MASTERS (PARENT_ITEM_CODE, CHILD_ITEM_CODE, QTY_PER, SEQ, REVISION, BOM_GRP, OPER, VALID_FROM, USE_YN, COMPANY, PLANT_CD, CREATED_BY, CREATED_AT, UPDATED_AT)
VALUES ('FG-DH-001', 'RAW-P-004', 3, 70, 'A', 'FG-DH-001', 'PRC-ASSY', DATE '2025-01-01', 'Y', '40', '1000', 'SYSTEM', SYSTIMESTAMP, SYSTIMESTAMP);

-- Model B: WIP-DH-SUB1 Level 2
INSERT INTO BOM_MASTERS (PARENT_ITEM_CODE, CHILD_ITEM_CODE, QTY_PER, SEQ, REVISION, BOM_GRP, OPER, VALID_FROM, USE_YN, COMPANY, PLANT_CD, CREATED_BY, CREATED_AT, UPDATED_AT)
VALUES ('WIP-DH-SUB1', 'RAW-W-001', 1.5, 10, 'A', 'WIP-DH-SUB1', 'PRC-CUT', DATE '2025-01-01', 'Y', '40', '1000', 'SYSTEM', SYSTIMESTAMP, SYSTIMESTAMP);
INSERT INTO BOM_MASTERS (PARENT_ITEM_CODE, CHILD_ITEM_CODE, QTY_PER, SEQ, REVISION, BOM_GRP, OPER, VALID_FROM, USE_YN, COMPANY, PLANT_CD, CREATED_BY, CREATED_AT, UPDATED_AT)
VALUES ('WIP-DH-SUB1', 'RAW-W-002', 2.0, 20, 'A', 'WIP-DH-SUB1', 'PRC-CUT', DATE '2025-01-01', 'Y', '40', '1000', 'SYSTEM', SYSTIMESTAMP, SYSTIMESTAMP);
INSERT INTO BOM_MASTERS (PARENT_ITEM_CODE, CHILD_ITEM_CODE, QTY_PER, SEQ, REVISION, BOM_GRP, OPER, VALID_FROM, USE_YN, COMPANY, PLANT_CD, CREATED_BY, CREATED_AT, UPDATED_AT)
VALUES ('WIP-DH-SUB1', 'RAW-T-001', 4, 30, 'A', 'WIP-DH-SUB1', 'PRC-CRIMP', DATE '2025-01-01', 'Y', '40', '1000', 'SYSTEM', SYSTIMESTAMP, SYSTIMESTAMP);
INSERT INTO BOM_MASTERS (PARENT_ITEM_CODE, CHILD_ITEM_CODE, QTY_PER, SEQ, REVISION, BOM_GRP, OPER, VALID_FROM, USE_YN, COMPANY, PLANT_CD, CREATED_BY, CREATED_AT, UPDATED_AT)
VALUES ('WIP-DH-SUB1', 'RAW-T-002', 4, 40, 'A', 'WIP-DH-SUB1', 'PRC-CRIMP', DATE '2025-01-01', 'Y', '40', '1000', 'SYSTEM', SYSTIMESTAMP, SYSTIMESTAMP);
INSERT INTO BOM_MASTERS (PARENT_ITEM_CODE, CHILD_ITEM_CODE, QTY_PER, SEQ, REVISION, BOM_GRP, OPER, VALID_FROM, USE_YN, COMPANY, PLANT_CD, CREATED_BY, CREATED_AT, UPDATED_AT)
VALUES ('WIP-DH-SUB1', 'RAW-C-003', 2, 50, 'A', 'WIP-DH-SUB1', 'PRC-PRESUB', DATE '2025-01-01', 'Y', '40', '1000', 'SYSTEM', SYSTIMESTAMP, SYSTIMESTAMP);

-- ============================================================
-- 7. 라우팅 / 공정맵 (PROCESS_MAPS)
--    품목별 공정 순서 정의 - 다양한 조합
-- ============================================================
DELETE FROM PROCESS_MAPS;

-- ── FG-EH-001 (엔진룸 하네스 Assy) : 풀 공정 8단계 ──
INSERT INTO PROCESS_MAPS (ITEM_CODE, SEQ, PROCESS_CODE, PROCESS_NAME, PROCESS_TYPE, EQUIP_TYPE, STD_TIME, SETUP_TIME, WIRE_LENGTH, STRIP_LENGTH, USE_YN, COMPANY, PLANT_CD, CREATED_BY, CREATED_AT, UPDATED_AT)
VALUES ('FG-EH-001', 10, 'PRC-CUT',    '절단',   'PRODUCTION',  'CUT_MACHINE',   0.8,  5.0,  3500, NULL, 'Y', '40', '1000', 'SYSTEM', SYSTIMESTAMP, SYSTIMESTAMP);
INSERT INTO PROCESS_MAPS (ITEM_CODE, SEQ, PROCESS_CODE, PROCESS_NAME, PROCESS_TYPE, EQUIP_TYPE, STD_TIME, SETUP_TIME, STRIP_LENGTH, USE_YN, COMPANY, PLANT_CD, CREATED_BY, CREATED_AT, UPDATED_AT)
VALUES ('FG-EH-001', 20, 'PRC-STRIP',  '탈피',   'PRODUCTION',  'STRIP_MACHINE', 0.5,  3.0,  8.0,  'Y', '40', '1000', 'SYSTEM', SYSTIMESTAMP, SYSTIMESTAMP);
INSERT INTO PROCESS_MAPS (ITEM_CODE, SEQ, PROCESS_CODE, PROCESS_NAME, PROCESS_TYPE, EQUIP_TYPE, STD_TIME, SETUP_TIME, CRIMP_HEIGHT, CRIMP_WIDTH, USE_YN, COMPANY, PLANT_CD, CREATED_BY, CREATED_AT, UPDATED_AT)
VALUES ('FG-EH-001', 30, 'PRC-CRIMP',  '압착',   'PRODUCTION',  'CRIMP_MACHINE', 1.2,  8.0,  1.850, 2.100, 'Y', '40', '1000', 'SYSTEM', SYSTIMESTAMP, SYSTIMESTAMP);
INSERT INTO PROCESS_MAPS (ITEM_CODE, SEQ, PROCESS_CODE, PROCESS_NAME, PROCESS_TYPE, STD_TIME, SETUP_TIME, USE_YN, COMPANY, PLANT_CD, CREATED_BY, CREATED_AT, UPDATED_AT)
VALUES ('FG-EH-001', 40, 'PRC-PRESUB', '선조립', 'PRODUCTION',  8.0,  10.0, 'Y', '40', '1000', 'SYSTEM', SYSTIMESTAMP, SYSTIMESTAMP);
INSERT INTO PROCESS_MAPS (ITEM_CODE, SEQ, PROCESS_CODE, PROCESS_NAME, PROCESS_TYPE, STD_TIME, SETUP_TIME, USE_YN, COMPANY, PLANT_CD, CREATED_BY, CREATED_AT, UPDATED_AT)
VALUES ('FG-EH-001', 50, 'PRC-ASSY',   '조립',   'PRODUCTION',  15.0, 15.0, 'Y', '40', '1000', 'SYSTEM', SYSTIMESTAMP, SYSTIMESTAMP);
INSERT INTO PROCESS_MAPS (ITEM_CODE, SEQ, PROCESS_CODE, PROCESS_NAME, PROCESS_TYPE, STD_TIME, USE_YN, COMPANY, PLANT_CD, CREATED_BY, CREATED_AT, UPDATED_AT)
VALUES ('FG-EH-001', 60, 'PRC-TAPE',   '테이핑', 'PRODUCTION',  5.0,  'Y', '40', '1000', 'SYSTEM', SYSTIMESTAMP, SYSTIMESTAMP);
INSERT INTO PROCESS_MAPS (ITEM_CODE, SEQ, PROCESS_CODE, PROCESS_NAME, PROCESS_TYPE, EQUIP_TYPE, STD_TIME, SETUP_TIME, USE_YN, COMPANY, PLANT_CD, CREATED_BY, CREATED_AT, UPDATED_AT)
VALUES ('FG-EH-001', 70, 'PRC-TEST',   '검사',   'INSPECTION',  'TEST_MACHINE',  3.0,  5.0,  'Y', '40', '1000', 'SYSTEM', SYSTIMESTAMP, SYSTIMESTAMP);
INSERT INTO PROCESS_MAPS (ITEM_CODE, SEQ, PROCESS_CODE, PROCESS_NAME, PROCESS_TYPE, STD_TIME, USE_YN, COMPANY, PLANT_CD, CREATED_BY, CREATED_AT, UPDATED_AT)
VALUES ('FG-EH-001', 80, 'PRC-PACK',   '포장',   'PRODUCTION',  2.0,  'Y', '40', '1000', 'SYSTEM', SYSTIMESTAMP, SYSTIMESTAMP);

-- ── FG-DH-001 (도어 하네스 Assy) : 선조립 생략 7단계 ──
INSERT INTO PROCESS_MAPS (ITEM_CODE, SEQ, PROCESS_CODE, PROCESS_NAME, PROCESS_TYPE, EQUIP_TYPE, STD_TIME, SETUP_TIME, WIRE_LENGTH, USE_YN, COMPANY, PLANT_CD, CREATED_BY, CREATED_AT, UPDATED_AT)
VALUES ('FG-DH-001', 10, 'PRC-CUT',    '절단',   'PRODUCTION',  'CUT_MACHINE',   0.6,  4.0,  1500, 'Y', '40', '1000', 'SYSTEM', SYSTIMESTAMP, SYSTIMESTAMP);
INSERT INTO PROCESS_MAPS (ITEM_CODE, SEQ, PROCESS_CODE, PROCESS_NAME, PROCESS_TYPE, EQUIP_TYPE, STD_TIME, SETUP_TIME, STRIP_LENGTH, USE_YN, COMPANY, PLANT_CD, CREATED_BY, CREATED_AT, UPDATED_AT)
VALUES ('FG-DH-001', 20, 'PRC-STRIP',  '탈피',   'PRODUCTION',  'STRIP_MACHINE', 0.4,  2.5,  6.0,  'Y', '40', '1000', 'SYSTEM', SYSTIMESTAMP, SYSTIMESTAMP);
INSERT INTO PROCESS_MAPS (ITEM_CODE, SEQ, PROCESS_CODE, PROCESS_NAME, PROCESS_TYPE, EQUIP_TYPE, STD_TIME, SETUP_TIME, CRIMP_HEIGHT, CRIMP_WIDTH, USE_YN, COMPANY, PLANT_CD, CREATED_BY, CREATED_AT, UPDATED_AT)
VALUES ('FG-DH-001', 30, 'PRC-CRIMP',  '압착',   'PRODUCTION',  'CRIMP_MACHINE', 0.9,  6.0,  1.650, 1.900, 'Y', '40', '1000', 'SYSTEM', SYSTIMESTAMP, SYSTIMESTAMP);
INSERT INTO PROCESS_MAPS (ITEM_CODE, SEQ, PROCESS_CODE, PROCESS_NAME, PROCESS_TYPE, STD_TIME, SETUP_TIME, USE_YN, COMPANY, PLANT_CD, CREATED_BY, CREATED_AT, UPDATED_AT)
VALUES ('FG-DH-001', 40, 'PRC-ASSY',   '조립',   'PRODUCTION',  10.0, 10.0, 'Y', '40', '1000', 'SYSTEM', SYSTIMESTAMP, SYSTIMESTAMP);
INSERT INTO PROCESS_MAPS (ITEM_CODE, SEQ, PROCESS_CODE, PROCESS_NAME, PROCESS_TYPE, STD_TIME, USE_YN, COMPANY, PLANT_CD, CREATED_BY, CREATED_AT, UPDATED_AT)
VALUES ('FG-DH-001', 50, 'PRC-TAPE',   '테이핑', 'PRODUCTION',  3.5,  'Y', '40', '1000', 'SYSTEM', SYSTIMESTAMP, SYSTIMESTAMP);
INSERT INTO PROCESS_MAPS (ITEM_CODE, SEQ, PROCESS_CODE, PROCESS_NAME, PROCESS_TYPE, EQUIP_TYPE, STD_TIME, SETUP_TIME, USE_YN, COMPANY, PLANT_CD, CREATED_BY, CREATED_AT, UPDATED_AT)
VALUES ('FG-DH-001', 60, 'PRC-TEST',   '검사',   'INSPECTION',  'TEST_MACHINE',  2.5,  4.0,  'Y', '40', '1000', 'SYSTEM', SYSTIMESTAMP, SYSTIMESTAMP);
INSERT INTO PROCESS_MAPS (ITEM_CODE, SEQ, PROCESS_CODE, PROCESS_NAME, PROCESS_TYPE, STD_TIME, USE_YN, COMPANY, PLANT_CD, CREATED_BY, CREATED_AT, UPDATED_AT)
VALUES ('FG-DH-001', 70, 'PRC-PACK',   '포장',   'PRODUCTION',  1.5,  'Y', '40', '1000', 'SYSTEM', SYSTIMESTAMP, SYSTIMESTAMP);

-- ── WIP-EH-SUB1 (엔진룸 메인 서브Assy) : 절단→탈피→압착→선조립 4단계 ──
INSERT INTO PROCESS_MAPS (ITEM_CODE, SEQ, PROCESS_CODE, PROCESS_NAME, PROCESS_TYPE, EQUIP_TYPE, STD_TIME, SETUP_TIME, WIRE_LENGTH, USE_YN, COMPANY, PLANT_CD, CREATED_BY, CREATED_AT, UPDATED_AT)
VALUES ('WIP-EH-SUB1', 10, 'PRC-CUT',    '절단',   'PRODUCTION',  'CUT_MACHINE',   0.7, 4.0, 3500, 'Y', '40', '1000', 'SYSTEM', SYSTIMESTAMP, SYSTIMESTAMP);
INSERT INTO PROCESS_MAPS (ITEM_CODE, SEQ, PROCESS_CODE, PROCESS_NAME, PROCESS_TYPE, EQUIP_TYPE, STD_TIME, SETUP_TIME, STRIP_LENGTH, USE_YN, COMPANY, PLANT_CD, CREATED_BY, CREATED_AT, UPDATED_AT)
VALUES ('WIP-EH-SUB1', 20, 'PRC-STRIP',  '탈피',   'PRODUCTION',  'STRIP_MACHINE', 0.5, 3.0, 7.5, 'Y', '40', '1000', 'SYSTEM', SYSTIMESTAMP, SYSTIMESTAMP);
INSERT INTO PROCESS_MAPS (ITEM_CODE, SEQ, PROCESS_CODE, PROCESS_NAME, PROCESS_TYPE, EQUIP_TYPE, STD_TIME, SETUP_TIME, CRIMP_HEIGHT, CRIMP_WIDTH, USE_YN, COMPANY, PLANT_CD, CREATED_BY, CREATED_AT, UPDATED_AT)
VALUES ('WIP-EH-SUB1', 30, 'PRC-CRIMP',  '압착',   'PRODUCTION',  'CRIMP_MACHINE', 1.0, 7.0, 1.800, 2.050, 'Y', '40', '1000', 'SYSTEM', SYSTIMESTAMP, SYSTIMESTAMP);
INSERT INTO PROCESS_MAPS (ITEM_CODE, SEQ, PROCESS_CODE, PROCESS_NAME, PROCESS_TYPE, STD_TIME, SETUP_TIME, USE_YN, COMPANY, PLANT_CD, CREATED_BY, CREATED_AT, UPDATED_AT)
VALUES ('WIP-EH-SUB1', 40, 'PRC-PRESUB', '선조립', 'PRODUCTION',  6.0, 8.0, 'Y', '40', '1000', 'SYSTEM', SYSTIMESTAMP, SYSTIMESTAMP);

-- ── WIP-EH-SUB2 (엔진룸 센서 서브Assy) : 절단→탈피→압착→선조립 4단계 ──
INSERT INTO PROCESS_MAPS (ITEM_CODE, SEQ, PROCESS_CODE, PROCESS_NAME, PROCESS_TYPE, EQUIP_TYPE, STD_TIME, SETUP_TIME, WIRE_LENGTH, USE_YN, COMPANY, PLANT_CD, CREATED_BY, CREATED_AT, UPDATED_AT)
VALUES ('WIP-EH-SUB2', 10, 'PRC-CUT',    '절단',   'PRODUCTION',  'CUT_MACHINE',   0.5, 3.0, 2000, 'Y', '40', '1000', 'SYSTEM', SYSTIMESTAMP, SYSTIMESTAMP);
INSERT INTO PROCESS_MAPS (ITEM_CODE, SEQ, PROCESS_CODE, PROCESS_NAME, PROCESS_TYPE, EQUIP_TYPE, STD_TIME, SETUP_TIME, STRIP_LENGTH, USE_YN, COMPANY, PLANT_CD, CREATED_BY, CREATED_AT, UPDATED_AT)
VALUES ('WIP-EH-SUB2', 20, 'PRC-STRIP',  '탈피',   'PRODUCTION',  'STRIP_MACHINE', 0.4, 2.5, 6.5, 'Y', '40', '1000', 'SYSTEM', SYSTIMESTAMP, SYSTIMESTAMP);
INSERT INTO PROCESS_MAPS (ITEM_CODE, SEQ, PROCESS_CODE, PROCESS_NAME, PROCESS_TYPE, EQUIP_TYPE, STD_TIME, SETUP_TIME, CRIMP_HEIGHT, CRIMP_WIDTH, USE_YN, COMPANY, PLANT_CD, CREATED_BY, CREATED_AT, UPDATED_AT)
VALUES ('WIP-EH-SUB2', 30, 'PRC-CRIMP',  '압착',   'PRODUCTION',  'CRIMP_MACHINE', 0.8, 6.0, 1.650, 1.850, 'Y', '40', '1000', 'SYSTEM', SYSTIMESTAMP, SYSTIMESTAMP);
INSERT INTO PROCESS_MAPS (ITEM_CODE, SEQ, PROCESS_CODE, PROCESS_NAME, PROCESS_TYPE, STD_TIME, SETUP_TIME, USE_YN, COMPANY, PLANT_CD, CREATED_BY, CREATED_AT, UPDATED_AT)
VALUES ('WIP-EH-SUB2', 40, 'PRC-PRESUB', '선조립', 'PRODUCTION',  5.0, 6.0, 'Y', '40', '1000', 'SYSTEM', SYSTIMESTAMP, SYSTIMESTAMP);

-- ── WIP-DH-SUB1 (도어 메인 서브Assy) : 절단→압착→선조립 3단계 (탈피 생략) ──
INSERT INTO PROCESS_MAPS (ITEM_CODE, SEQ, PROCESS_CODE, PROCESS_NAME, PROCESS_TYPE, EQUIP_TYPE, STD_TIME, SETUP_TIME, WIRE_LENGTH, USE_YN, COMPANY, PLANT_CD, CREATED_BY, CREATED_AT, UPDATED_AT)
VALUES ('WIP-DH-SUB1', 10, 'PRC-CUT',    '절단',   'PRODUCTION',  'CUT_MACHINE',   0.5, 3.5, 1500, 'Y', '40', '1000', 'SYSTEM', SYSTIMESTAMP, SYSTIMESTAMP);
INSERT INTO PROCESS_MAPS (ITEM_CODE, SEQ, PROCESS_CODE, PROCESS_NAME, PROCESS_TYPE, EQUIP_TYPE, STD_TIME, SETUP_TIME, CRIMP_HEIGHT, CRIMP_WIDTH, USE_YN, COMPANY, PLANT_CD, CREATED_BY, CREATED_AT, UPDATED_AT)
VALUES ('WIP-DH-SUB1', 20, 'PRC-CRIMP',  '압착',   'PRODUCTION',  'CRIMP_MACHINE', 0.7, 5.0, 1.700, 1.950, 'Y', '40', '1000', 'SYSTEM', SYSTIMESTAMP, SYSTIMESTAMP);
INSERT INTO PROCESS_MAPS (ITEM_CODE, SEQ, PROCESS_CODE, PROCESS_NAME, PROCESS_TYPE, STD_TIME, SETUP_TIME, USE_YN, COMPANY, PLANT_CD, CREATED_BY, CREATED_AT, UPDATED_AT)
VALUES ('WIP-DH-SUB1', 30, 'PRC-PRESUB', '선조립', 'PRODUCTION',  4.5, 5.0, 'Y', '40', '1000', 'SYSTEM', SYSTIMESTAMP, SYSTIMESTAMP);

COMMIT;
END;
/
